,Name,City,Country,Arena,Capactity,Logo URL,Division,City,State,,,,,,,,,,,,,,,,,,,,,,
,,,,,,,,,,,,,,,,,,,,,,,,,,,,,,,
Team,Hawks,Atlanta,USA,State Farm Arena,18118,https://gmgames.org/dm16logos/Team0.png,Southeast,Atlanta,Georgia,,,,,,,,,,,,,,,,,,,,,,
,,,,,,,,,,,,,,,,,,,,,,,,,,,,,,,
Team,Celtics,Boston,USA,TD Garden,18624,https://gmgames.org/dm16logos/Team1.png,Atlantc,Boston,Massachusetts,,,,,,,,,,,,,,,,,,,,,,
,,,,,,,,,,,,,,,,,,,,,,,,,,,,,,,
Team,Nets,Brooklyn,USA,Barclays Center,17732,https://gmgames.org/dm16logos/Team2.png,Atlantic,Brooklyn,New York,,,,,,,,,,,,,,,,,,,,,,
,,,,,,,,,,,,,,,,,,,,,,,,,,,,,,,
Team,Hornets,Charlotte,USA,Spectrum Center,19077,https://gmgames.org/dm16logos/Team3.png,Southeast,Charlotte,North Carolina,,,,,,,,,,,,,,,,,,,,,,
,,,,,,,,,,,,,,,,,,,,,,,,,,,,,,,
Team,Bulls,Chicago,USA,United Center,20917,https://gmgames.org/dm16logos/Team4.png,Central,Chicago,Illinois,,,,,,,,,,,,,,,,,,,,,,
,,,,,,,,,,,,,,,,,,,,,,,,,,,,,,,
Team,Cavaliers,Cleveland,USA,Rocket Mortgage FieldHouse,19432,https://gmgames.org/dm16logos/Team5.png,Central,Cleveland,Ohio,,,,,,,,,,,,,,,,,,,,,,
,,,,,,,,,,,,,,,,,,,,,,,,,,,,,,,
Team,Mavericks,Dallas,USA,American Airlines Center,19200,https://gmgames.org/dm16logos/Team6.png,Southwest,Dallas,Texas,,,,,,,,,,,,,,,,,,,,,,
,,,,,,,,,,,,,,,,,,,,,,,,,,,,,,,
Team,Nuggets,Denver,USA,Pepsi Center,19520,https://gmgames.org/dm16logos/Team7.png,Northwest,Denver,Colorado,,,,,,,,,,,,,,,,,,,,,,
,,,,,,,,,,,,,,,,,,,,,,,,,,,,,,,
Team,Pistons,Detroit,USA,Little Caesars Arena,20332,https://gmgames.org/dm16logos/Team8.png,Central,Detroit,Michigan,,,,,,,,,,,,,,,,,,,,,,
,,,,,,,,,,,,,,,,,,,,,,,,,,,,,,,
Team,Warriors,Golden State,USA,Chase Center,18064,https://gmgames.org/dm16logos/Team9.png,Pacific,Oakland,California,,,,,,,,,,,,,,,,,,,,,,
,,,,,,,,,,,,,,,,,,,,,,,,,,,,,,,
Team,Rockets,Houston,USA,Toyota Center,18055,https://gmgames.org/dm16logos/Team10.png,Southwest,Houston,Texas,,,,,,,,,,,,,,,,,,,,,,
,,,,,,,,,,,,,,,,,,,,,,,,,,,,,,,
Team,Pacers,Indiana,USA,Bankers Life Fieldhouse,17923,https://gmgames.org/dm16logos/Team11.png,Central,Indianapolis,Indiana,,,,,,,,,,,,,,,,,,,,,,
,,,,,,,,,,,,,,,,,,,,,,,,,,,,,,,
Team,Clippers,Los Angeles,USA,Intuit Dome,19068,https://gmgames.org/dm16logos/Team12.png,Pacific,Los Angeles,California,,,,,,,,,,,,,,,,,,,,,,
,,,,,,,,,,,,,,,,,,,,,,,,,,,,,,,
Team,Lakers,Los Angeles,USA,Cyprto.com Arena,18997,https://gmgames.org/dm16logos/Team13.png,Pacific,Los Angeles,California,,,,,,,,,,,,,,,,,,,,,,
,,,,,,,,,,,,,,,,,,,,,,,,,,,,,,,
Team,Grizzlies,Memphis,USA,FedExForum,17794,https://gmgames.org/dm16logos/Team14.png,Southwest,Memphis,Tennessee,,,,,,,,,,,,,,,,,,,,,,
,,,,,,,,,,,,,,,,,,,,,,,,,,,,,,,
Team,Heat,Miami,USA,American Airlines Arena,19600,https://gmgames.org/dm16logos/Team15.png,Southeast,Miami,Florida,,,,,,,,,,,,,,,,,,,,,,
,,,,,,,,,,,,,,,,,,,,,,,,,,,,,,,
Team,Bucks,Milwaukee,USA,Fiserv Forum,17500,https://gmgames.org/dm16logos/Team16.png,Central,Milwaukee,Wisconsin,,,,,,,,,,,,,,,,,,,,,,
,,,,,,,,,,,,,,,,,,,,,,,,,,,,,,,
Team,Timberwolves,Minnesota,USA,Target Center,18978,https://gmgames.org/dm16logos/Team17.png,Northwest,Minneapolis,Minnesota,,,,,,,,,,,,,,,,,,,,,,
,,,,,,,,,,,,,,,,,,,,,,,,,,,,,,,
Team,Pelicans,New Orleans,USA,Smoothie King Center,16867,https://gmgames.org/dm16logos/Team18.png,Southwest,New Orleans,Louisiana,,,,,,,,,,,,,,,,,,,,,,
,,,,,,,,,,,,,,,,,,,,,,,,,,,,,,,
Team,Knicks,New York,USA,Madison Square Garden,19812,https://gmgames.org/dm16logos/Team19.png,Atlantic,New York,New York,,,,,,,,,,,,,,,,,,,,,,
,,,,,,,,,,,,,,,,,,,,,,,,,,,,,,,
Team,Thunder,Oklahoma City,USA,Chesapeake Energy Arena,18203,https://gmgames.org/dm16logos/Team20.png,Northwest,Oklahoma City,Oklahoma,,,,,,,,,,,,,,,,,,,,,,
,,,,,,,,,,,,,,,,,,,,,,,,,,,,,,,
Team,Magic,Orlando,USA,Amway Center,18846,https://gmgames.org/dm16logos/Team21.png,Southeast,Orlando,Florida,,,,,,,,,,,,,,,,,,,,,,
,,,,,,,,,,,,,,,,,,,,,,,,,,,,,,,
Team,76ers,Philadelphia,USA,Wells Fargo Center,20478,https://gmgames.org/dm16logos/Team22.png,Atlantic,Philadelphia,Pennsylvania,,,,,,,,,,,,,,,,,,,,,,
,,,,,,,,,,,,,,,,,,,,,,,,,,,,,,,
Team,Suns,Phoenix,USA,Talking Stick Resort Arena,18055,https://gmgames.org/dm16logos/Team23.png,Pacific,Phoenix,Arizona,,,,,,,,,,,,,,,,,,,,,,
,,,,,,,,,,,,,,,,,,,,,,,,,,,,,,,
Team,Trail Blazers,Portland,USA,Moda Center,19441,https://gmgames.org/dm16logos/Team24.png,Northwest,Portland,Oregon,,,,,,,,,,,,,,,,,,,,,,
,,,,,,,,,,,,,,,,,,,,,,,,,,,,,,,
Team,Kings,Sacramento,USA,Golden 1 Center,17583,https://gmgames.org/dm16logos/Team25.png,Pacific,Sacramento,California,,,,,,,,,,,,,,,,,,,,,,
,,,,,,,,,,,,,,,,,,,,,,,,,,,,,,,
Team,Spurs,San Antonio,USA,AT&T Center,18418,https://gmgames.org/dm16logos/Team26.png,Southwest,San Antonio,Texas,,,,,,,,,,,,,,,,,,,,,,
,,,,,,,,,,,,,,,,,,,,,,,,,,,,,,,
Team,Raptors,Toronto,Canada,Scotiabank Arena,19800,https://gmgames.org/dm16logos/Team27.png,Atlantic,Toronto,Canada,,,,,,,,,,,,,,,,,,,,,,
,,,,,,,,,,,,,,,,,,,,,,,,,,,,,,,
Team,Jazz,Utah,USA,Vivint Smart Home Arena,18306,https://gmgames.org/dm16logos/Team28.png,Northwest,Salt Lake City,Utah,,,,,,,,,,,,,,,,,,,,,,
,,,,,,,,,,,,,,,,,,,,,,,,,,,,,,,
Team,Wizards,Washington,USA,Capital One Arena,20356,https://gmgames.org/dm16logos/Team29.png,Southeast,Washincton,D.C,,,,,,,,,,,,,,,,,,,,,,
,,,,,,,,,,,,,,,,,,,,,,,,,,,,,,,
NewFranchiseLogo,,,,,,https://gmgames.org/dm16logos/Team30.png,,,,,,,,,,,,,,,,,,,,,,,,,
,,,,,,,,,,,,,,,,,,,,,,,,,,,,,,,
,,,,,,,,,,,,,,,,,,,,,,,,,,,,,,,
,,,,,,,,,,,,,,,,,,,,,,,,,,,,,,,
Type,FirstName,Last Name,Position,Age,Height,Weight,Team ID,Defence,TurnOvers,FTA,FTPerc,2PTA,2PTPerc,3PTA,ThreePerc,OffReb,Fame,DefReb,FastBreak,Assists,Personality,Potential,Steals,Blocks,Stamina,Trait,,,,,
,,,,,,,,,,,,,,,,,,,,,,,,,,,,,,,
players,Clint,Capela,C,30,210,240,0,78,1,1.8,0.53,7.4,0.57,0,0,3.2,45,5.7,25,1.2,50,68,0.6,1,56,,,,,,
,,,,,,,,,,,,,,,,,,,,,,,,,,,,,,,
players,Jalen,Jonnson,PF,23,206,220,0,63,3,3.6,0.75,11.3,0.57,4,0.32,1.8,45,8.5,48,5.2,66,70,1.4,1.1,60,,,,,,
,,,,,,,,,,,,,,,,,,,,,,,,,,,,,,,
players,DeAndre,Hunter,SF,27,203,225,5,69,1.4,4.8,0.85,6.8,0.52,6.4,0.42,0.7,39,3.2,50,1.4,66,76,0.9,0.1,57,,,,,,
,,,,,,,,,,,,,,,,,,,,,,,,,,,,,,,
players,Dyson,Daniels,SG,21,203,199,0,85,1.8,1.4,0.56,8.4,0.53,3.7,0.31,1.7,53,3.3,64,3.6,65,80,3.1,0.8,67,,,,,,
,,,,,,,,,,,,,,,,,,,,,,,,,,,,,,,
players,Trae,Young,PG,26,185,164,0,62,4.5,7.1,0.87,8.9,0.45,8.7,0.34,0.5,75,3.4,82,11.7,75,72,1.4,0.3,88,HH,,,,,
,,,,,,,,,,,,,,,,,,,,,,,,,,,,,,,
players,Garrison,Mathews,SG,28,196,215,0,66,0.7,1.9,0.82,0.9,0.45,4.9,0.41,0.3,55,1.3,64,1.5,62,72,0.7,0.3,70,,,,,,
,,,,,,,,,,,,,,,,,,,,,,,,,,,,,,,
players,Zaccharie,Risacher,SF,19,203,200,0,62,1.2,2.1,0.71,5.7,0.49,4.1,0.28,1.3,10,2.2,53,1.2,70,54,0.8,0.5,65,R,,,,,
,,,,,,,,,,,,,,,,,,,,,,,,,,,,,,,
players,Onyeka ,Okongwu,C,24,203,235,0,80,0.8,2.6,0.75,6.7,0.57,1.6,0.25,2.9,30,4.7,50,1.8,64,45,0.7,0.9,70,,,,,,
,,,,,,,,,,,,,,,,,,,,,,,,,,,,,,,
players,Larry,Nance Jr.,PF,32,203,245,0,62,0.7,0.5,0.87,2.9,0.65,3.3,0.52,1.1,58,3.2,53,1.6,77,68,1.1,0.7,63,,,,,,
,,,,,,,,,,,,,,,,,,,,,,,,,,,,,,,
players,Vit,Krejci,PG,24,203,195,0,68,0.9,0.6,0.76,1.8,0.54,2.9,0.35,0.4,5,1.9,66,2.5,80,59,0.6,0.5,65,,,,,,
,,,,,,,,,,,,,,,,,,,,,,,,,,,,,,,
players,Bogdan,Bogdanovic,SG,32,196,220,12,72,1.6,1.3,0.88,2.9,0.53,6.2,0.31,0.5,70,2.1,66,2.2,92,48,0.9,0.2,74,IH,,,,,
,,,,,,,,,,,,,,,,,,,,,,,,,,,,,,,
players,Kobe,Bufkin,SG,21,193,195,0,57,0.8,1.8,0.72,2.8,0.5,1.9,0.38,0.5,5,1.6,55,1.7,69,75,0.3,0.2,72,,,,,,
,,,,,,,,,,,,,,,,,,,,,,,,,,,,,,,
players,Cody,Zeller,C,32,211,240,27,59,0.4,0.9,0.6,1.4,0.42,0.1,0.33,1.1,10,1.5,40,0.9,65,71,0.2,0.1,60,,,,,,
,,,,,,,,,,,,,,,,,,,,,,,,,,,,,,,
,,,,,,,,,,,,,,,,,,,,,,,,,,,,,,,
,,,,,,,,,,,,,,,,,,,,,,,,,,,,,,,
,,,,,,,,,,,,,,,,,,,,,,,,,,,,,,,
,,,,,,,,,,,,,,,,,,,,,,,,,,,,,,,
players,Kristaps,Porzingis,C,29,218,245,1,71,0.9,4.8,0.83,7.5,0.52,5.9,0.38,1.8,65,5.3,53,1.6,70,66,0.7,1.4,66,IH,,,,,
,,,,,,,,,,,,,,,,,,,,,,,,,,,,,,,
players,Jayson,Tatum,PF,26,203,210,1,69,2.8,6.7,0.79,9.9,0.56,10.3,0.35,0.6,80,8.6,63,5.4,85,75,1.3,0.5,85,SP,,,,,
,,,,,,,,,,,,,,,,,,,,,,,,,,,,,,,
players,Jaylen,Brown,SF,28,198,223,1,81,2.8,5.4,0.76,12.6,0.51,6.3,0.32,1.6,80,4.5,75,4.8,72,70,1.3,0.3,85,SP,,,,,
,,,,,,,,,,,,,,,,,,,,,,,,,,,,,,,
players,Jrue,Holiday,PG,34,193,205,1,90,1.4,1.5,0.89,4.2,0.58,5.2,0.34,1.2,75,3.2,90,3.8,85,68,1,0.4,90,,,,,,
,,,,,,,,,,,,,,,,,,,,,,,,,,,,,,,
players,Payton,Pritchard,PG,26,185,195,1,36,1,1.3,0.84,2.7,0.63,8,0.41,1.4,20,2.2,66,3.4,69,63,0.9,0.1,70,,,,,,
,,,,,,,,,,,,,,,,,,,,,,,,,,,,,,,
players,Al,Horford,C,38,206,240,1,55,0.8,0.4,0.83,1.9,0.58,5.3,0.36,1,40,4.3,31,2.1,70,65,0.7,0.9,59,IH,,,,,
,,,,,,,,,,,,,,,,,,,,,,,,,,,,,,,
players,Jaden,Springer,SG,22,193,204,1,30,0.1,0.9,0.7,0.6,0.36,0.2,0.21,0.2,30,0.5,40,0.4,73,56,0.2,0,60,,,,,,
,,,,,,,,,,,,,,,,,,,,,,,,,,,,,,,
players,JD,Davison,PG,22,185,195,1,30,1.2,0.4,0.5,0.4,0.5,0.6,0.33,0,30,0.4,64,0.2,65,52,0.2,0,50,,,,,,
,,,,,,,,,,,,,,,,,,,,,,,,,,,,,,,
players,Sam,Hauser,PF,27,203,215,1,55,0.3,0.1,1,1,0.71,5.4,0.36,0.7,25,2.3,50,1.1,70,68,0.8,0.2,65,,,,,,
,,,,,,,,,,,,,,,,,,,,,,,,,,,,,,,
players,Luke,Kornet,C,29,218,250,1,50,0.4,1.4,0.72,3.1,0.64,1.4,0.32,2.2,15,2.9,64,1.5,65,63,0.5,1,50,,,,,,
,,,,,,,,,,,,,,,,,,,,,,,,,,,,,,,
players,Xavier,Tillman Sr.,C,26,203,245,1,60,0.3,0.1,0.5,0.7,0.35,0.8,0.2,0.3,15,1.1,35,0.3,65,70,0.2,0.3,55,,,,,,
,,,,,,,,,,,,,,,,,,,,,,,,,,,,,,,
players,Neemias,Queta,C,25,213,245,1,60,0.6,1.1,0.71,3.2,0.67,0.1,0,1.5,10,2.4,60,0.6,65,67,0.3,0.8,85,,,,,,
,,,,,,,,,,,,,,,,,,,,,,,,,,,,,,,
players,Derrick,White,SG,30,193,190,1,81,1.7,2,0.82,3.8,0.59,8.9,0.37,0.9,68,3.5,75,4.1,72,70,0.9,1.3,72,,,,,,
,,,,,,,,,,,,,,,,,,,,,,,,,,,,,,,
,,,,,,,,,,,,,,,,,,,,,,,,,,,,,,,
,,,,,,,,,,,,,,,,,,,,,,,,,,,,,,,
,,,,,,,,,,,,,,,,,,,,,,,,,,,,,,,
,,,,,,,,,,,,,,,,,,,,,,,,,,,,,,,
players,Nic,Claxton,C,25,211,215,2,80,1.1,2.4,0.52,7.4,0.56,0.3,0.08,1.9,40,5.5,45,2,80,80,0.9,1.2,80,,,,,,
,,,,,,,,,,,,,,,,,,,,,,,,,,,,,,,
players,Jalen,Wilson,PF,24,203,225,2,65,1.1,1.7,0.87,3.7,0.47,4.5,0.32,1,40,2.3,65,1.7,70,70,0.5,0,85,,,,,,
,,,,,,,,,,,,,,,,,,,,,,,,,,,,,,,
players,Cameron,Johnson,PF,28,203,210,2,60,1.7,3.7,0.89,5.4,0.6,7.6,0.42,0.7,44,3.4,60,3,70,70,0.8,0.4,80,,,,,,
,,,,,,,,,,,,,,,,,,,,,,,,,,,,,,,
players,Keon,Johnson,SG,23,196,186,2,71,1.3,1.2,0.76,3.9,0.44,4.7,0.3,0.6,20,2.5,64,1.7,83,83,0.8,0.3,70,,,,,,
,,,,,,,,,,,,,,,,,,,,,,,,,,,,,,,
players,Ben,Simmon,PG,28,208,240,2,72,2.8,0.8,0.69,5.2,0.55,0,0.1,0.9,50,5.3,70,7.1,70,70,0.8,0.5,80,IH,,,,,
,,,,,,,,,,,,,,,,,,,,,,,,,,,,,,,
players,Noah,Clowney,PF,20,208,210,2,75,1,1.7,0.85,2.4,0.44,5.5,0.35,0.9,10,3,60,0.9,85,85,0.5,0.5,70,,,,,,
,,,,,,,,,,,,,,,,,,,,,,,,,,,,,,,
players,Day'ron,Sharpe,C,23,211,265,2,79,1.1,1.8,0.73,5.4,0.52,1.2,0.11,2.8,15,6.3,46,1.5,77,77,0.7,0.5,80,,,,,,
,,,,,,,,,,,,,,,,,,,,,,,,,,,,,,,
players,D'Angelo,Russell,PG,28,190,193,2,69,2,3.2,0.94,5,0.46,5,0.36,0.2,60,3,63,8,83,83,1.7,0.3,85,,,,,,
,,,,,,,,,,,,,,,,,,,,,,,,,,,,,,,
players,Cam,Thomas,SG,23,193,210,2,67,2.7,6.8,0.87,10.2,0.5,7.6,0.37,0.5,40,3.1,77,3.4,80,62,0.7,0.1,80,EX,,,,,
,,,,,,,,,,,,,,,,,,,,,,,,,,,,,,,
players,Trendon,Watford,PF,24,206,240,2,62,1.2,2.7,0.85,4.1,0.49,2,0.3,0.3,30,2.8,52,1.2,63,65,0.4,0.3,72,,,,,,
,,,,,,,,,,,,,,,,,,,,,,,,,,,,,,,
players,Zaire,Williams,SF,23,206,215,2,68,1.1,2.3,0.81,4,0.48,3.8,0.32,1.1,15,3.6,52,1.5,72,61,1,0.4,80,,,,,,
,,,,,,,,,,,,,,,,,,,,,,,,,,,,,,,
players,Bojan,Bogdanovic,SF,35,201,226,2,62,1.3,1.6,0.8,4.4,0.48,4.4,0.37,0.3,30,1.7,70,0.9,45,60,0.2,0,85,IH,,,,,
,,,,,,,,,,,,,,,,,,,,,,,,,,,,,,,
players,Dariq,Whitehead,SF,20,201,220,2,64,0.4,0,0.5,0.3,0.25,2.3,0.5,0,5,0.4,30,0.1,68,60,0.4,0.1,66,,,,,,
,,,,,,,,,,,,,,,,,,,,,,,,,,,,,,,
players,De'Anthony,Melton,PG,26,188,200,2,60,1.7,1.3,0.62,3.2,0.47,5.8,0.37,1,20,2.3,50,2.8,70,65,1.3,0.3,70,,,,,,
,,,,,,,,,,,,,,,,,,,,,,,,,,,,,,,
players,Maxwell,Lewis,SF,22,201,195,2,68,0.3,0.1,0.66,0.4,0.27,1,0.2,0.1,4,0.1,65,0.2,68,80,0.1,0,75,,,,,,
,,,,,,,,,,,,,,,,,,,,,,,,,,,,,,,
,,,,,,,,,,,,,,,,,,,,,,,,,,,,,,,
,,,,,,,,,,,,,,,,,,,,,,,,,,,,,,,
,,,,,,,,,,,,,,,,,,,,,,,,,,,,,,,
,,,,,,,,,,,,,,,,,,,,,,,,,,,,,,,
players,Mark,William,C,23,213,241,13,79,1.2,3.8,0.75,9.3,0.62,0.1,0,3.4,40,6.1,20,0.6,66,70,0.6,1.1,65,,,,,,
,,,,,,,,,,,,,,,,,,,,,,,,,,,,,,,
players,Miles,Bridges,PF,26,201,225,3,70,2,3.5,0.88,8.7,0.52,6.7,0.31,0.9,44,6.6,50,3.6,75,74,0.6,0.7,80,,,,,,
,,,,,,,,,,,,,,,,,,,,,,,,,,,,,,,
players,Brandon,Miller,SF,22,206,201,3,72,2.8,2.9,0.86,7.3,0.47,10.9,0.35,0.9,60,3.9,70,3.6,82,85,1.1,0.7,82,,,,,,
,,,,,,,,,,,,,,,,,,,,,,,,,,,,,,,
players,Josh,Green,SG,24,196,200,3,68,0.9,1,0.65,2.5,0.43,3.5,0.38,1.2,30,1.8,70,1.5,73,73,1.1,0.3,70,,,,,,
,,,,,,,,,,,,,,,,,,,,,,,,,,,,,,,
players,LaMelo,Ball,PG,23,201,180,3,71,3.9,5.6,0.82,11.3,0.51,12.8,0.33,1,88,4.4,88,7.6,80,88,1.4,0.4,89,SP,,,,,
,,,,,,,,,,,,,,,,,,,,,,,,,,,,,,,
players,Taj,Gibson,C,39,206,232,3,68,0.6,0.5,0.62,2,0.46,0.1,0.5,1.3,38,1.6,50,0.4,65,50,0.4,0.3,69,,,,,,
,,,,,,,,,,,,,,,,,,,,,,,,,,,,,,,
players,Cody,Martin,SF,29,196,205,23,69,1.1,1.2,0.68,3.7,0.54,1.1,0.32,1,30,3.6,50,2.4,70,60,1.2,0.7,81,,,,,,
,,,,,,,,,,,,,,,,,,,,,,,,,,,,,,,
players,Seth,Curry,SG,34,185,185,3,65,0.3,0.5,0.86,2.1,0.52,2.1,0.42,0.4,50,1.4,68,0.5,67,60,0.5,0.2,72,,,,,,
,,,,,,,,,,,,,,,,,,,,,,,,,,,,,,,
players,Tidjane,Salaün,PF,19,206,207,3,65,0.9,0.9,0.67,1.9,0.38,3.1,0.28,1,5,3.1,50,1.1,70,80,0.6,0.2,70,R,,,,,
,,,,,,,,,,,,,,,,,,,,,,,,,,,,,,,
players,Josh,Okogie,SG,26,193,213,3,60,1,1.3,0.68,2.9,0.55,3,0.33,1,30,3,67,0.6,66,67,0.8,0.4,75,,,,,,
,,,,,,,,,,,,,,,,,,,,,,,,,,,,,,,
players,Grant,William,PF,26,198,236,3,64,1.8,2.3,0.83,3.1,0.55,4.6,0.36,1.1,39,4,69,2.3,66,75,1.1,0.8,84,,,,,,
,,,,,,,,,,,,,,,,,,,,,,,,,,,,,,,
players,Tre,Mann,PG,23,190,178,3,60,1.9,1.6,0.9,7.8,0.45,4.6,0.4,0.9,25,2.9,70,3,70,83,0.5,0.3,86,,,,,,
,,,,,,,,,,,,,,,,,,,,,,,,,,,,,,,
,,,,,,,,,,,,,,,,,,,,,,,,,,,,,,,
,,,,,,,,,,,,,,,,,,,,,,,,,,,,,,,
,,,,,,,,,,,,,,,,,,,,,,,,,,,,,,,
,,,,,,,,,,,,,,,,,,,,,,,,,,,,,,,
players,Nikola,Vucevic,C,34,208,260,4,77,1.5,2.2,0.8,10.3,0.61,4.7,0.41,2.4,70,8,60,3.4,90,67,0.9,0.7,84,IH,,,,,
,,,,,,,,,,,,,,,,,,,,,,,,,,,,,,,
players,Patrick,Williams,PF,23,201,215,4,63,1.4,1.4,0.83,3.9,0.39,4.6,0.36,0.6,45,3.2,56,2.2,67,71,0.8,0.6,77,,,,,,
,,,,,,,,,,,,,,,,,,,,,,,,,,,,,,,
players,Zach,Lavine,SF,29,196,200,25,64,2.9,4.1,0.81,9.8,0.56,7.2,0.45,0.3,86,4.5,92,4.5,76,84,0.9,0.3,91,SP,,,,,
,,,,,,,,,,,,,,,,,,,,,,,,,,,,,,,
players,Dalen,Terry,SG,22,201,195,4,70,0.8,1,0.7,1.9,0.5,1.1,0.34,1,15,1,62,0.5,74,66,0.5,0.2,64,,,,,,
,,,,,,,,,,,,,,,,,,,,,,,,,,,,,,,
players,Josh,Giddey,PG,22,203,210,4,72,2.7,2,0.75,6.3,0.5,3.6,0.32,1.6,37,5.8,66,6.7,77,83,1.1,0.5,84,,,,,,
,,,,,,,,,,,,,,,,,,,,,,,,,,,,,,,
players,Matas,Buzelis,SF,20,208,209,4,78,0.5,0.7,0.82,2.3,0.42,2.3,0.33,0.6,12,2.6,73,0.4,72,88,0.3,0.8,77,R,,,,,
,,,,,,,,,,,,,,,,,,,,,,,,,,,,,,,
players,Julian,Phillips,SF,21,203,198,4,68,0.4,0.9,0.7,1.7,0.57,2,0.31,1,11,1.1,55,0.4,70,62,0.4,0.3,66,,,,,,
,,,,,,,,,,,,,,,,,,,,,,,,,,,,,,,
players,Talen,Horton-Tucker,SG,24,193,234,4,64,0.6,1.2,0.7,2.7,0.53,2.2,0.39,0.4,20,1.4,70,1.4,70,72,0.4,0.2,78,,,,,,
,,,,,,,,,,,,,,,,,,,,,,,,,,,,,,,
players,Coby,White,SG,24,196,195,4,67,2.4,3.2,0.87,6,0.53,8.3,0.36,0.4,50,3.1,73,4.7,70,82,1,0.2,89,,,,,,
,,,,,,,,,,,,,,,,,,,,,,,,,,,,,,,
players,Jalen,Smith,C,24,208,215,4,72,0.7,1.5,0.82,2.9,0.62,1.1,0.32,1.5,29,3.9,55,0.9,70,74,0.3,0.7,77,,,,,,
,,,,,,,,,,,,,,,,,,,,,,,,,,,,,,,
players,Lonzo,Ball,PG,24,198,190,4,77,1.2,0.5,0.75,1,0.54,5,0.33,0.5,67,2.8,65,3.3,70,60,1.6,0.6,69,,,,,,
,,,,,,,,,,,,,,,,,,,,,,,,,,,,,,,
players,Torrey,Craig,SF,34,201,221,4,72,0,0.4,0.75,1.1,0.7,3.9,0.42,0.9,30,1.9,64,0.6,88,58,0.2,0.1,67,,,,,,
,,,,,,,,,,,,,,,,,,,,,,,,,,,,,,,
players,Jevon,Carter,PG,29,185,200,4,60,0.4,0.4,0.75,0.8,0.5,1.7,0.4,0.1,35,0.7,71,0.7,70,62,0.3,0.1,75,,,,,,
,,,,,,,,,,,,,,,,,,,,,,,,,,,,,,,
players,Ayo,Donsunmu,SG,25,196,200,4,64,1.3,1.8,0.79,5.8,0.61,4,0.31,0.6,36,3.2,71,4.7,73,79,0.8,0.4,84,,,,,,
,,,,,,,,,,,,,,,,,,,,,,,,,,,,,,,
,,,,,,,,,,,,,,,,,,,,,,,,,,,,,,,
,,,,,,,,,,,,,,,,,,,,,,,,,,,,,,,
,,,,,,,,,,,,,,,,,,,,,,,,,,,,,,,
,,,,,,,,,,,,,,,,,,,,,,,,,,,,,,,
players,Jarrett,Allen,C,26,211,243,5,87,1,3.5,0.74,8,0.71,0.2,0.17,2.6,67,7.4,60,1.9,75,88,0.9,0.9,88,,,,,,
,,,,,,,,,,,,,,,,,,,,,,,,,,,,,,,
players,Evan,Mobley,PF,23,211,215,5,90,2,4.1,0.77,9.6,0.61,2.8,0.42,2.1,69,6.8,65,2.9,75,90,0.9,1.4,90,,,,,,
,,,,,,,,,,,,,,,,,,,,,,,,,,,,,,,
players,Georges,Niang,PF,31,201,230,5,67,1,0.5,0.78,2.5,0.62,4.3,0.38,0.7,30,3.1,61,1.5,71,65,0.3,0.1,73,,,,,,
,,,,,,,,,,,,,,,,,,,,,,,,,,,,,,,
players,Donavon,Mitchell,SG,28,190,215,5,70,2,3.9,0.83,9.3,0.48,9.2,0.4,0.7,92,3.9,76,4.5,83,90,1.4,0.2,95,SP,,,,,
,,,,,,,,,,,,,,,,,,,,,,,,,,,,,,,
players,Darius,Garland,PG,24,185,192,5,70,2.4,3.5,0.9,8.2,0.55,6.9,0.42,0.5,79,2,86,6.8,86,89,1.1,0.2,93,,,,,,
,,,,,,,,,,,,,,,,,,,,,,,,,,,,,,,
players,Tristan,Thompson,C,33,206,254,5,75,0.4,1.1,0.25,1.9,0.51,0.1,0.24,1.8,55,2.3,56,0.6,54,67,0.1,0.3,75,PT,,,,,
,,,,,,,,,,,,,,,,,,,,,,,,,,,,,,,
players,Ty,Jerome,SG,27,196,195,5,70,1.1,1.7,0.87,4.2,0.56,3.2,0.42,0.6,15,1.6,71,3.4,73,68,1.2,0,75,,,,,,
,,,,,,,,,,,,,,,,,,,,,,,,,,,,,,,
players,Isaac,Okoro,SG,23,196,225,5,68,0.4,0.9,0.72,1.9,0.47,2.8,0.39,0.8,38,1.3,68,1.6,75,71,0.7,0.4,78,,,,,,
,,,,,,,,,,,,,,,,,,,,,,,,,,,,,,,
players,Max,Strus,SF,28,196,215,5,68,1.1,0.4,0.8,1.1,0.53,5.6,0.72,0.8,35,2.9,75,2.9,75,79,0.4,0.3,80,EX,,,,,
,,,,,,,,,,,,,,,,,,,,,,,,,,,,,,,
players,Dean,Wade,PF,28,206,228,5,62,0.3,0.8,0.52,0.8,0.67,4.2,0.35,1,40,4.1,64,1.5,65,67,0.8,0.5,82,,,,,,
,,,,,,,,,,,,,,,,,,,,,,,,,,,,,,,
players,Sam,Merrill,SG,28,193,205,5,61,0.3,0.6,0.95,0.8,0.59,5.1,0.33,0.4,12,1.4,50,1.6,67,68,0.6,0.2,62,,,,,,
,,,,,,,,,,,,,,,,,,,,,,,,,,,,,,,
players,Caris,Levert,SF,30,198,205,0,63,1.3,2.4,0.69,4,0.52,3.9,0.42,0.6,45,2.3,70,3.8,85,75,0.9,0.5,85,,,,,,
,,,,,,,,,,,,,,,,,,,,,,,,,,,,,,,
,,,,,,,,,,,,,,,,,,,,,,,,,,,,,,,
,,,,,,,,,,,,,,,,,,,,,,,,,,,,,,,
,,,,,,,,,,,,,,,,,,,,,,,,,,,,,,,
,,,,,,,,,,,,,,,,,,,,,,,,,,,,,,,
players,Dwight,Powell,C,33,208,240,6,69,0.2,0.9,0.66,0.5,0.76,0,0.29,0.7,50,1.1,60,0.7,66,70,0.4,0.5,71,,,,,,
,,,,,,,,,,,,,,,,,,,,,,,,,,,,,,,
players,P.J.,Washington,PF,26,201,230,6,73,1.8,2.9,0.75,6.8,0.46,4.1,0.36,1.4,50,6.4,65,2.2,70,78,1.3,1,83,,,,,,
,,,,,,,,,,,,,,,,,,,,,,,,,,,,,,,
players,Klay,Thompson,SF,34,196,215,6,75,1.4,2,0.81,4.1,0.46,7.7,0.38,0.6,70,2.8,85,2,75,79,0.9,0.4,85,HF,,,,,
,,,,,,,,,,,,,,,,,,,,,,,,,,,,,,,
players,Quentin,Grimes,SG,24,196,205,6,66,1.2,1.8,0.75,3.5,0.55,4.3,0.39,0.7,39,3.3,71,2.1,66,74,0.7,0.2,76,,,,,,
,,,,,,,,,,,,,,,,,,,,,,,,,,,,,,,
players,Luka,Doncic,PG,25,198,230,13,70,3.4,6.6,0.76,11.5,0.55,9.6,0.35,0.7,94,7.6,85,7.8,85,88,2,0.4,87,SP IH,,,,,
,,,,,,,,,,,,,,,,,,,,,,,,,,,,,,,
players,Kyrie,Irving,SG,32,188,195,6,67,2.3,3.8,0.89,11.5,0.51,7,0.43,1.1,91,3.5,80,4.8,86,82,1.3,0.4,90,SP,,,,,
,,,,,,,,,,,,,,,,,,,,,,,,,,,,,,,
players,Spencer,Dinwiddie,PG,31,196,215,6,65,1,3,0.86,3.8,0.44,4,0.32,0.2,61,2.2,75,3.7,80,71,0.9,0.2,84,,,,,,
,,,,,,,,,,,,,,,,,,,,,,,,,,,,,,,
players,Daniel,Gafford,C,26,208,234,6,80,1.1,3.4,0.68,6.9,0.71,0,0,2.5,61,3.8,67,1.2,80,79,0.4,1.6,82,,,,,,
,,,,,,,,,,,,,,,,,,,,,,,,,,,,,,,
players,Jaden,Hardy,SG,22,193,198,6,64,1.5,1.4,0.73,3.7,0.45,3.2,0.39,0.2,55,1.4,61,1.4,77,68,0.6,0.1,76,,,,,,
,,,,,,,,,,,,,,,,,,,,,,,,,,,,,,,
players,Naji,Marshall,SF,26,201,220,6,70,1.5,1.6,0.87,5.8,0.59,2.8,0.31,0.9,51,2.7,72,2.6,71,74,1,0.1,86,,,,,,
,,,,,,,,,,,,,,,,,,,,,,,,,,,,,,,
players,Derrick,Lively II,C,20,216,230,6,86,1.2,2.2,0.63,5.5,0.7,0,0,3.1,60,4.8,70,2.6,80,88,0.5,1.7,80,,,,,,
,,,,,,,,,,,,,,,,,,,,,,,,,,,,,,,
players,Markieff,Morris,PF,35,206,245,13,72,0.4,0,0.77,1.4,0.28,1.4,0.28,0,30,1.2,67,0.6,70,67,0,0.2,68,,,,,,
,,,,,,,,,,,,,,,,,,,,,,,,,,,,,,,
players,Maxi,Kleber,PF,32,208,240,13,71,0.6,0.5,0.82,1.3,0.51,1.3,0.26,0.7,35,2.1,63,1.2,80,71,0.3,0.5,66,,,,,,
,,,,,,,,,,,,,,,,,,,,,,,,,,,,,,,
players,Dante,Exum,PG,29,196,214,6,67,0.9,1.2,0.77,3.5,0.55,2,0.49,0.5,36,2.3,61,2.9,74,68,0.4,0.1,71,,,,,,
,,,,,,,,,,,,,,,,,,,,,,,,,,,,,,,
,,,,,,,,,,,,,,,,,,,,,,,,,,,,,,,
,,,,,,,,,,,,,,,,,,,,,,,,,,,,,,,
,,,,,,,,,,,,,,,,,,,,,,,,,,,,,,,
,,,,,,,,,,,,,,,,,,,,,,,,,,,,,,,
players,Nikola,Jokic,C,29,213,284,7,70,3.1,6.4,0.81,15.9,0.58,4.3,0.47,3.4,96,9.7,34,9.9,75,91,1.9,0.6,95,SP,,,,,
,,,,,,,,,,,,,,,,,,,,,,,,,,,,,,,
players,Aaron,Gordon,PF,29,203,235,7,80,1.4,3.7,0.79,5.8,0.59,2.8,0.43,1.6,78,3.7,75,2.7,80,85,0.4,0.2,90,,,,,,
,,,,,,,,,,,,,,,,,,,,,,,,,,,,,,,
players,Peyton,Watson,SF,22,203,200,7,69,0.9,2.2,0.76,4.3,0.54,2.1,0.34,0.8,10,3.4,65,1.4,70,80,0.8,1.2,80,,,,,,
,,,,,,,,,,,,,,,,,,,,,,,,,,,,,,,
players,Cristian,Braun,SG,23,198,218,7,70,1,2.6,0.81,7,0.64,2.5,0.36,1.3,15,3.4,68,1.9,72,85,1,0.6,83,,,,,,
,,,,,,,,,,,,,,,,,,,,,,,,,,,,,,,
players,Jamal,Murray,PG,27,193,215,7,66,2.3,3.6,0.86,10.4,0.49,5.7,0.37,0.5,83,3.4,80,6,75,84,1.5,0.6,85,PT,,,,,
,,,,,,,,,,,,,,,,,,,,,,,,,,,,,,,
players,Michael,Porter JR,SF,26,208,218,7,68,1.3,2.6,0.7,7.1,0.6,6.2,0.41,1.5,80,5,81,2.3,76,84,0.6,0.4,80,,,,,,
,,,,,,,,,,,,,,,,,,,,,,,,,,,,,,,
players,Hunter,Tyson,PF,24,203,215,7,70,0.3,0.5,0.82,0.7,0.5,1.1,0.32,0.3,5,1.1,56,0.4,61,65,0.1,0.1,60,,,,,,
,,,,,,,,,,,,,,,,,,,,,,,,,,,,,,,
players,DeAndre,Jordan,C,36,211,265,7,67,0.7,0.9,0.41,2.5,0.63,0,0,1.2,40,3.3,39,0.8,65,50,0.3,0.5,56,,,,,,
,,,,,,,,,,,,,,,,,,,,,,,,,,,,,,,
players,Russell,Westbrook,PG,35,193,200,7,63,3,3.2,0.64,6.8,0.53,3.6,0.34,1.3,75,3.7,87,6.6,79,76,1.5,0.5,87,HF,,,,,
,,,,,,,,,,,,,,,,,,,,,,,,,,,,,,,
players,Julian,Strawther,SG,22,201,205,7,58,0.8,1.5,0.85,3.5,0.52,4.1,0.38,0.3,13,1.9,61,1.4,62,71,0.7,0.3,70,,,,,,
,,,,,,,,,,,,,,,,,,,,,,,,,,,,,,,
players,Jalen,Pickett,SG,25,193,209,7,70,0.4,0.1,1,0.9,0.62,1.2,0.42,0.2,6,0.7,60,1.6,60,70,0.1,0.1,71,,,,,,
,,,,,,,,,,,,,,,,,,,,,,,,,,,,,,,
players,Zeke,Nnaji,PF,24,206,240,7,71,0.2,0.3,0.42,0.8,0.63,0.3,0.35,0.1,3,0.4,60,0.2,60,64,0,0.1,59,,,,,,
,,,,,,,,,,,,,,,,,,,,,,,,,,,,,,,
players,Dario,Saric,PF,30,208,225,7,62,1.1,0.8,0.7,2.3,0.4,1.8,0.25,1,20,2.6,66,1.7,68,67,0.5,0.1,68,,,,,,
,,,,,,,,,,,,,,,,,,,,,,,,,,,,,,,
,,,,,,,,,,,,,,,,,,,,,,,,,,,,,,,
,,,,,,,,,,,,,,,,,,,,,,,,,,,,,,,
,,,,,,,,,,,,,,,,,,,,,,,,,,,,,,,
,,,,,,,,,,,,,,,,,,,,,,,,,,,,,,,
,,,,,,,,,,,,,,,,,,,,,,,,,,,,,,,
players,Jalen,Duren,C,21,208,250,8,89,1.8,2.7,0.64,5.9,0.7,0,0,3.4,59,5.5,68,2.3,80,89,0.6,1.2,86,,,,,,
,,,,,,,,,,,,,,,,,,,,,,,,,,,,,,,
players,Tobias,Harris,PF,32,203,226,8,78,1.2,2.1,0.87,7.1,0.5,4,0.34,1,73,5.3,81,2.5,84,76,0.9,0.8,84,,,,,,
,,,,,,,,,,,,,,,,,,,,,,,,,,,,,,,
players,Ron,Rolland,SF,19,203,206,8,63,0.9,1.1,0.79,3.2,0.62,2,0.24,0.5,5,2.7,71,0.8,70,79,0.5,0.1,73,R,,,,,
,,,,,,,,,,,,,,,,,,,,,,,,,,,,,,,
players,Malik,Beasley,SG,28,193,187,8,62,1.1,1.7,0.69,4.1,0.48,9.2,0.39,0.5,58,2.4,75,1.8,87,75,0.9,0,83,,,,,,
,,,,,,,,,,,,,,,,,,,,,,,,,,,,,,,
players,Cade,Cunningham,PG,23,193,220,8,78,4.5,4.6,0.81,13.8,0.49,6.5,0.37,0.9,79,5.6,89,9.3,83,87,0.9,0.8,88,SP,,,,,
,,,,,,,,,,,,,,,,,,,,,,,,,,,,,,,
players,Tim,Hardaway Jr,SG,32,196,205,8,67,0.7,2.2,8.2,2.9,0.51,5.7,0.38,0.2,37,1.9,77,1.5,70,70,0.4,0.1,76,,,,,,
,,,,,,,,,,,,,,,,,,,,,,,,,,,,,,,
players,Simone,Fontecchio,SF,29,203,209,8,62,0.9,1.3,0.79,2.1,0.5,3.3,0.34,0.7,21,2.2,77,0.8,75,70,0.3,0.2,68,,,,,,
,,,,,,,,,,,,,,,,,,,,,,,,,,,,,,,
players,Ausar,Thompson,SF,21,201,215,8,78,1.4,1.7,0.52,5.2,0.55,1.4,0.24,1.5,26,4.3,80,1.7,81,84,1.4,0.3,85,,,,,,
,,,,,,,,,,,,,,,,,,,,,,,,,,,,,,,
players,Marcus,Sasser,PG,24,188,195,8,57,0.9,0.4,0.58,2.4,0.57,2.5,0.38,0.4,7,0.9,59,2,67,68,0.7,0.1,68,,,,,,
,,,,,,,,,,,,,,,,,,,,,,,,,,,,,,,
players,Jaden,Ivey,SG,22,193,195,8,68,3,3.9,0.73,8.6,0.49,5.1,0.4,1.3,56,2.8,71,4,69,83,0.9,0.4,81,,,,,,
,,,,,,,,,,,,,,,,,,,,,,,,,,,,,,,
players,Isaiah,Swewart,C,23,203,250,8,70,0.9,1,0.86,3.6,0.57,0.8,0.24,2.1,31,3.8,65,1.8,60,74,0.5,1.3,78,,,,,,
,,,,,,,,,,,,,,,,,,,,,,,,,,,,,,,
players,Paul,Reed,C,25,206,210,8,67,0.5,1.1,0.84,2.5,0.63,0.7,0.31,0.7,25,1.6,64,1,71,70,1.3,0.6,79,,,,,,
,,,,,,,,,,,,,,,,,,,,,,,,,,,,,,,
players,Bobi,Klintman,SF,21,206,225,8,50,0.5,0.8,0.65,1,0.49,1.3,0.29,0.5,3,1.3,41,0.6,56,59,0.2,0.1,55,R,,,,,
,,,,,,,,,,,,,,,,,,,,,,,,,,,,,,,
,,,,,,,,,,,,,,,,,,,,,,,,,,,,,,,
,,,,,,,,,,,,,,,,,,,,,,,,,,,,,,,
,,,,,,,,,,,,,,,,,,,,,,,,,,,,,,,
,,,,,,,,,,,,,,,,,,,,,,,,,,,,,,,
players,Trayce,Jackson-Davis,C,24,206,245,9,73,1,1.9,0.6,6.3,0.57,0,0,2.4,21,4.1,67,2.2,68,75,0.8,1,80,,,,,,
,,,,,,,,,,,,,,,,,,,,,,,,,,,,,,,
players,Draymond,Green,PF,34,198,230,9,86,2.5,1.9,0.61,3.4,0.47,3.7,0.36,1,81,5,71,5.5,83,67,1,1.1,84,HH,,,,,
,,,,,,,,,,,,,,,,,,,,,,,,,,,,,,,
players,Andrew,Wiggins,SF,29,201,197,15,80,1.3,3.7,0.78,7.6,0.49,5.6,0.38,1.5,78,3,90,2.3,67,70,0.9,0.8,88,,,,,,
,,,,,,,,,,,,,,,,,,,,,,,,,,,,,,,
players,Buddy,Hield,SG,32,193,220,9,67,1.2,0.9,0.84,3.3,0.51,7.2,0.37,0.6,61,2.7,70,1.6,71,69,0.9,0.3,84,EX,,,,,
,,,,,,,,,,,,,,,,,,,,,,,,,,,,,,,
players,Stephen,Curry,PG,36,188,185,9,69,3,3.4,0.93,6.3,0.51,10.8,0.4,0.5,96,4.4,84,6.1,83,70,1.2,0.5,94,HH,,,,,
,,,,,,,,,,,,,,,,,,,,,,,,,,,,,,,
players,Moses,Moody,SG,22,196,205,9,68,0.7,1.3,0.74,2.5,0.49,4,0.38,0.4,24,1.5,71,1,67,69,0.5,0.3,78,,,,,,
,,,,,,,,,,,,,,,,,,,,,,,,,,,,,,,
players,Kevon,Looney,C,28,206,222,9,73,0.6,1.4,0.44,4.3,0.54,0,0.16,3,35,4,57,1.8,71,61,0.8,0.3,71,,,,,,
,,,,,,,,,,,,,,,,,,,,,,,,,,,,,,,
players,Lindy,Waters III,SG,27,198,215,9,66,0.5,0.3,0.72,1.6,0.49,4.1,0.33,0.4,21,2.3,68,1.1,65,70,0.6,0.3,74,,,,,,
,,,,,,,,,,,,,,,,,,,,,,,,,,,,,,,
players,Dennis,Schroder,PG,31,185,172,9,76,2,1.8,0.8,6.1,0.41,4.8,0.28,0.4,45,1.5,84,4.3,76,73,0.8,0.1,86,IH,,,,,
,,,,,,,,,,,,,,,,,,,,,,,,,,,,,,,
players,Gary,Payton II,SG,32,188,190,9,73,0.5,0.6,0.61,2.7,0.71,1.1,0.17,1.1,55,1.8,73,1.3,71,69,0.7,0.3,74,,,,,,
,,,,,,,,,,,,,,,,,,,,,,,,,,,,,,,
players,Jonathan,Kominga,PF,22,203,210,9,73,1.6,5.3,0.63,9.6,0.5,3.6,0.34,1.4,60,3.6,87,2.2,83,81,0.9,0.6,85,,,,,,
,,,,,,,,,,,,,,,,,,,,,,,,,,,,,,,
players,Kyle,Anderson,SF,31,206,230,15,75,0.5,0.8,0.66,3.2,0.47,1.5,0.37,0.8,44,2.4,61,2.3,74,70,0.8,0.5,79,,,,,,
,,,,,,,,,,,,,,,,,,,,,,,,,,,,,,,
players,Brandin,Podziemski,SG,21,196,205,9,76,1.5,1.5,0.73,6.2,0.49,5.2,0.29,1.5,40,5.2,80,4.8,79,83,1.4,0.3,86,,,,,,
,,,,,,,,,,,,,,,,,,,,,,,,,,,,,,,
,,,,,,,,,,,,,,,,,,,,,,,,,,,,,,,
,,,,,,,,,,,,,,,,,,,,,,,,,,,,,,,
,,,,,,,,,,,,,,,,,,,,,,,,,,,,,,,
,,,,,,,,,,,,,,,,,,,,,,,,,,,,,,,
players,Alperen,Segün,C,22,211,235,10,74,2.5,4.9,0.71,14.3,0.51,1.5,0.23,3.5,75,7,68,5.1,80,85,1.3,0.9,88,,,,,,
,,,,,,,,,,,,,,,,,,,,,,,,,,,,,,,
players,Dillion,Brooks,SF,29,198,225,10,76,1,1.5,0.85,5.6,0.44,6.1,0.36,1.2,69,2.6,71,1.6,74,76,0.8,0.3,83,,,,,,
,,,,,,,,,,,,,,,,,,,,,,,,,,,,,,,
players,Amen,Thompson,SF,21,201,209,10,72,1.9,3.8,0.69,7.6,0.61,1.3,0.24,2.6,45,5.3,70,2.5,71,80,1.3,1.1,80,,,,,,
,,,,,,,,,,,,,,,,,,,,,,,,,,,,,,,
players,Jalen,Green,SG,22,193,178,10,65,2.5,4.1,0.87,9.3,0.51,8.1,0.36,0.6,77,3.8,90,2.7,76,84,1,0.3,86,,,,,,
,,,,,,,,,,,,,,,,,,,,,,,,,,,,,,,
players,Fred,VanVleet,PG,30,183,197,10,69,1.5,2.4,0.8,5.7,0.46,7.7,0.33,0.7,65,3.3,91,5.9,78,78,1.8,0.5,87,CG,,,,,
,,,,,,,,,,,,,,,,,,,,,,,,,,,,,,,
players,Jabari,Smith Jr.,PF,21,211,220,10,89,0.9,2.3,0.86,4.7,0.516,4.8,0.35,1.8,71,4.7,72,1,81,85,0.4,1,81,,,,,,
,,,,,,,,,,,,,,,,,,,,,,,,,,,,,,,
players,Cam,Whitmore,SF,20,201,232,10,76,0.8,1.5,0.72,4.8,0.53,4,0.32,0.9,30,2.4,81,0.8,79,79,0.6,0.2,78,,,,,,
,,,,,,,,,,,,,,,,,,,,,,,,,,,,,,,
players,Jae'Sean,Tate,SF,29,193,230,10,61,0.4,1.1,0.64,2.1,0.5,0.7,0.35,0.9,20,2.3,69,0.8,68,64,0.6,0.1,71,,,,,,
,,,,,,,,,,,,,,,,,,,,,,,,,,,,,,,
players,Aaron,Holiday,PG,28,183,185,10,60,0.5,0.5,0.88,1.1,0.48,2.1,0.37,0.2,21,0.8,71,1.1,65,66,0.4,0.1,69,,,,,,
,,,,,,,,,,,,,,,,,,,,,,,,,,,,,,,
players,Reed,Shepperd,PG,20,188,185,10,63,0.6,0.2,0.83,1.6,0.37,2.3,0.27,0.3,11,0.9,80,1.2,73,90,0.5,0.3,77,R,,,,,
,,,,,,,,,,,,,,,,,,,,,,,,,,,,,,,
players,Jeff,Green,SF,38,203,235,10,66,0.2,0.7,0.77,1.1,0.85,1.8,0.34,0.2,34,1.2,55,0.2,61,54,0.2,0.1,60,,,,,,
,,,,,,,,,,,,,,,,,,,,,,,,,,,,,,,
players,Steven,Adams,C,31,211,265,10,74,1,1.4,0.36,1.9,0.59,0,0,2.3,40,2.4,56,1.1,74,60,0.3,0.4,71,,,,,,
,,,,,,,,,,,,,,,,,,,,,,,,,,,,,,,
,,,,,,,,,,,,,,,,,,,,,,,,,,,,,,,
,,,,,,,,,,,,,,,,,,,,,,,,,,,,,,,
,,,,,,,,,,,,,,,,,,,,,,,,,,,,,,,
,,,,,,,,,,,,,,,,,,,,,,,,,,,,,,,
,,,,,,,,,,,,,,,,,,,,,,,,,,,,,,,
players,Myles,Turner,C,28,211,250,11,85,2,3,0.73,6.4,0.55,5.1,0.4,1.4,61,5.7,64,1.5,83,73,0.8,2,85,PT,,,,,
,,,,,,,,,,,,,,,,,,,,,,,,,,,,,,,
players,Pascal,Siakam,PF,30,203,230,11,70,1.2,3.8,0.74,10.6,0.57,4.3,0.4,1.7,78,5.6,76,3.4,77,76,0.9,0.3,89,SP,,,,,
,,,,,,,,,,,,,,,,,,,,,,,,,,,,,,,
players,Bennedict,Mathurin,SF,22,198,210,11,74,2.1,4.1,0.81,8.2,0.51,4.2,0.35,1.2,71,4.8,74,2,76,78,0.6,0.4,83,,,,,,
,,,,,,,,,,,,,,,,,,,,,,,,,,,,,,,
players,Andrew,Nembhard,SG,25,196,193,11,64,1.8,2.5,0.74,6.2,0.51,2.4,0.32,0.5,63,2.8,83,5,73,77,1,0.1,85,,,,,,
,,,,,,,,,,,,,,,,,,,,,,,,,,,,,,,
players,Tyrese,Haliburton,PG,24,196,185,11,61,1.9,3.2,0.85,5.9,0.56,8,0.35,0.6,79,3,85,8.8,81,80,1.2,0.6,82,SP,,,,,
,,,,,,,,,,,,,,,,,,,,,,,,,,,,,,,
players,Aaron,Nesmith,SF,25,196,215,11,66,0.6,2,0.87,3.5,0.57,2.1,0.58,0.5,76,2.9,77,0.8,73,75,0.5,0.3,74,,,,,,
,,,,,,,,,,,,,,,,,,,,,,,,,,,,,,,
players,Jarace,Walker,PF,21,203,240,11,66,1.1,1.2,0.64,2.4,0.55,2.5,0.39,0.4,5,3,59,1.4,61,57,1,0.4,64,,,,,,
,,,,,,,,,,,,,,,,,,,,,,,,,,,,,,,
players,Ben,Sheppard,SG,23,198,190,11,60,0.3,0.3,0.9,1.5,0.48,3.4,0.37,0.6,3,1.9,59,1.1,60,59,0.5,0.3,67,,,,,,
,,,,,,,,,,,,,,,,,,,,,,,,,,,,,,,
players,Obi,Topin,PF,26,206,220,11,65,0.7,1.4,0.8,3.9,0.7,3.3,0.34,0.7,55,3.3,81,1.6,65,71,0.8,0.4,79,,,,,,
,,,,,,,,,,,,,,,,,,,,,,,,,,,,,,,
players,Thomas,Bryant,C,27,208,248,11,70,0.5,0.4,0.85,2.6,0.66,2.1,0.44,1.6,30,2.4,76,0.8,76,71,0.5,0.5,80,PT,,,,,
,,,,,,,,,,,,,,,,,,,,,,,,,,,,,,,
players,TJ,McConnell,PG,32,185,190,11,69,1.5,1.1,0.73,8,0.55,0.6,0.28,0.6,50,2,67,4.5,80,65,1.2,0.3,74,,,,,,
,,,,,,,,,,,,,,,,,,,,,,,,,,,,,,,
players,James,Johnson,PF,37,201,240,11,64,0.5,0.1,0.67,0.8,0.66,0.1,0.3,0.2,20,0.5,61,0.4,63,54,0.3,0.3,66,,,,,,
,,,,,,,,,,,,,,,,,,,,,,,,,,,,,,,
players,James,Wiseman,C,24,213,240,27,65,1.2,1.9,0.68,3,0.66,1,0.26,1.6,24,4,67,0.2,67,71,0.2,0.7,69,,,,,,
,,,,,,,,,,,,,,,,,,,,,,,,,,,,,,,
,,,,,,,,,,,,,,,,,,,,,,,,,,,,,,,
,,,,,,,,,,,,,,,,,,,,,,,,,,,,,,,
,,,,,,,,,,,,,,,,,,,,,,,,,,,,,,,
,,,,,,,,,,,,,,,,,,,,,,,,,,,,,,,
players,Ivica,Zubac,C,27,213,240,12,77,1.8,2.9,0.55,10.9,0.61,0,0.08,3.8,66,8.9,61,2.6,75,78,0.7,1.2,83,IH,,,,,
,,,,,,,,,,,,,,,,,,,,,,,,,,,,,,,
players,Kris,Dunn,PG,30,190,205,12,70,1.1,0.3,0.5,2.8,0.55,3,0.3,0.7,60,2.6,66,2.7,69,69,1.5,0.3,75,,,,,,
,,,,,,,,,,,,,,,,,,,,,,,,,,,,,,,
players,Kawhi,Leonard,SF,33,201,225,12,87,1,2,0.8,7.6,0.55,3.4,0.35,0.6,91,2,82,1.6,80,70,1.2,0.6,83,HH,,,,,
,,,,,,,,,,,,,,,,,,,,,,,,,,,,,,,
players,Norman,Powell,SG,31,190,215,12,70,2.1,4.6,0.83,8.8,0.53,8,0.44,0.3,75,3.1,86,2.2,78,70,1.3,0.1,86,PT,,,,,.
,,,,,,,,,,,,,,,,,,,,,,,,,,,,,,,
players,James,Harden,PG,35,196,220,12,74,4.6,6.7,0.88,7.6,0.44,8.3,0.34,0.6,89,5.2,85,8.1,87,73,1.4,0.6,88,SP,,,,,
,,,,,,,,,,,,,,,,,,,,,,,,,,,,,,,
players,Terrence,Man,SG,28,196,215,0,71,0.7,1,0.7,3.6,0.53,2.1,0.36,0.9,66,2.1,77,1.7,74,70,0.9,0.3,82,,,,,,
,,,,,,,,,,,,,,,,,,,,,,,,,,,,,,,
players,Mo,Bamba,C,26,213,231,12,83,0.7,0.9,0.65,1.9,0.64,1.7,0.26,0.9,60,3.5,65,0.5,69,69,0.3,0.8,78,,,,,,
,,,,,,,,,,,,,,,,,,,,,,,,,,,,,,,
players,Amir,Coffey,SG,27,201,210,12,70,0.7,1.8,0.89,4,0.52,3.7,0.42,0.5,40,2.1,70,1.2,69,71,0.6,0.1,76,,,,,,
,,,,,,,,,,,,,,,,,,,,,,,,,,,,,,,
players,Nicolas,Batum,PF,36,203,240,12,73,0.5,0.3,0.76,0.5,0.4,2.3,0.37,0.7,43,2.2,61,1.4,66,50,0.6,0.4,65,,,,,,
,,,,,,,,,,,,,,,,,,,,,,,,,,,,,,,
players,Derrick,Jones Jr.,PF,27,196,210,12,74,1,1.3,0.79,5.3,0.59,2.8,0.36,1.2,60,2.2,79,0.9,70,73,1.2,0.3,79,,,,,,
,,,,,,,,,,,,,,,,,,,,,,,,,,,,,,,
players,Kevin,Porter Jr.,SG,24,193,203,16,69,2,1.9,0.63,6.9,0.48,2.6,0.24,0.6,50,2.8,76,3.4,74,73,1,0.3,80,,,,,,
,,,,,,,,,,,,,,,,,,,,,,,,,,,,,,,
players,Kobe,Brown,PF,25,201,250,12,63,0.4,0.3,0.75,2.1,0.58,1.1,0.26,0.9,6,2.1,60,0.9,62,60,0.2,0.1,65,,,,,,
,,,,,,,,,,,,,,,,,,,,,,,,,,,,,,,
players,Cam,Christie,SG,19,196,190,12,66,0.5,0.5,0.5,0.8,0.2,1.3,0.2,0.3,3,1,60,0.3,60,61,0.5,0,67,R,,,,,
,,,,,,,,,,,,,,,,,,,,,,,,,,,,,,,
players,Bones,Hyland,PG,24,188,173,0,65,1.3,1.3,0.87,1.7,0.36,4.1,0.37,0.3,26,1,68,1.5,68,69,0.9,0.2,74,,,,,,
,,,,,,,,,,,,,,,,,,,,,,,,,,,,,,,
,,,,,,,,,,,,,,,,,,,,,,,,,,,,,,,
,,,,,,,,,,,,,,,,,,,,,,,,,,,,,,,
,,,,,,,,,,,,,,,,,,,,,,,,,,,,,,,
,,,,,,,,,,,,,,,,,,,,,,,,,,,,,,,
players,Christian,Wood,C,29,203,214,13,70,1,1.9,0.7,3,0.58,2.3,0.3,0.8,67,4.3,70,1,75,70,0.3,0.7,79,,,,,,
,,,,,,,,,,,,,,,,,,,,,,,,,,,,,,,
players,Anthony,Davis,PF,31,208,253,6,88,2.2,7.7,0.78,15.7,0.55,2.3,0.31,2.7,95,9.2,74,3.5,85,74,1.3,2.2,92,HH,,,,,
,,,,,,,,,,,,,,,,,,,,,,,,,,,,,,,
players,Lebron,James,SF,40,206,250,13,78,3.8,4.2,0.76,12.1,0.56,5.7,0.39,0.9,100,6.6,92,9,98,71,0.9,0.6,100,HF,,,,,
,,,,,,,,,,,,,,,,,,,,,,,,,,,,,,,
players,Austin,Reaves,PG,26,196,206,13,76,2.5,4.2,0.84,6.8,0.52,7.1,0.36,0.9,80,3.3,85,6.1,84,79,1.1,0.2,90,PT,,,,,
,,,,,,,,,,,,,,,,,,,,,,,,,,,,,,,
players,Max,Christie,SG,21,198,190,6,79,0.8,2,0.85,2.9,0.53,1.2,0.35,0.6,35,1.9,76,1.3,75,71,0.9,0.5,76,,,,,,
,,,,,,,,,,,,,,,,,,,,,,,,,,,,,,,
players,Rui,Hachimura,PF,26,203,230,13,71,1,1.9,0.76,5.9,0.54,3.6,0.41,1.6,74,3.6,86,1.5,76,74,0.9,0.5,85,IH,,,,,
,,,,,,,,,,,,,,,,,,,,,,,,,,,,,,,
players,Dalton,Knecth,SF,23,198,215,3,69,0.5,1.3,0.8,2.9,0.61,4.4,0.34,0.6,15,2.6,76,1,70,80,0.4,0.1,80,R,,,,,
,,,,,,,,,,,,,,,,,,,,,,,,,,,,,,,
players,Jaxson,Hayes,C,24,213,220,13,75,0.5,1.6,0.75,3.2,0.65,0.3,0.26,1.4,39,2.5,76,0.8,71,68,0.4,0.8,77,,,,,,
,,,,,,,,,,,,,,,,,,,,,,,,,,,,,,,
players,Gabe,Vicent,PG,28,190,195,13,72,0.6,0.3,0.5,1.6,0.54,2.9,0.31,0.3,40,1,70,1.2,69,74,0.8,0.2,80,,,,,,
,,,,,,,,,,,,,,,,,,,,,,,,,,,,,,,
players,Dorian,Finney-Smith,SF,31,201,220,13,80,0.4,1.2,0.62,2.6,0.51,5.4,0.43,1.6,64,3,72,1.6,72,71,0.9,0.6,83,PT,,,,,
,,,,,,,,,,,,,,,,,,,,,,,,,,,,,,,
players,Cam,Reddish,SF,25,203,218,3,75,0.4,0.7,0.61,1.4,0.57,1.6,0.28,0.5,50,1.6,77,0.8,69,70,0.3,0.4,78,,,,,,
,,,,,,,,,,,,,,,,,,,,,,,,,,,,,,,
players,Jarred,Vanderbilt,PF,25,203,214,13,87,1,1.2,0.66,3,0.58,0.9,0.29,1.4,63,3.3,80,1.2,78,74,1.2,0.2,81,PT,,,,,
,,,,,,,,,,,,,,,,,,,,,,,,,,,,,,,
players,Shake,Milton,SG,28,196,205,13,69,0.5,1.2,0.75,3.1,0.52,2.7,0.38,0.6,29,1.5,75,2.4,69,70,0.6,0,79,,,,,,
,,,,,,,,,,,,,,,,,,,,,,,,,,,,,,,
players,Bronny,James Jr.,SG,20,188,210,13,69,0,0.2,1,0.5,0.28,0.4,0.21,0.1,69,1.5,70,0.3,85,81,0.2,0.1,75,R,,,,,
,,,,,,,,,,,,,,,,,,,,,,,,,,,,,,,
,,,,,,,,,,,,,,,,,,,,,,,,,,,,,,,
,,,,,,,,,,,,,,,,,,,,,,,,,,,,,,,
,,,,,,,,,,,,,,,,,,,,,,,,,,,,,,,
,,,,,,,,,,,,,,,,,,,,,,,,,,,,,,,
players,Zach,Edey,C,22,224,305,14,86,1.5,1.9,0.62,5.7,0.6,1,0.37,3.2,16,4.1,56,0.9,81,83,0.6,1,78,R,,,,,
,,,,,,,,,,,,,,,,,,,,,,,,,,,,,,,
players,Jaren,Jackson JR,C,25,208,242,14,84,2.2,5.5,0.78,11.7,0.55,5.2,0.33,1.5,84,4.9,81,1.4,84,85,1.4,1.6,89,SP,,,,,
,,,,,,,,,,,,,,,,,,,,,,,,,,,,,,,
players,Jake,LaRavia,PF,23,203,235,25,70,1.5,2.1,0.71,3.4,0.52,2.1,0.43,1.4,21,3,76,3.1,78,81,0.9,0.5,76,,,,,,
,,,,,,,,,,,,,,,,,,,,,,,,,,,,,,,
players,Marcus,Smart,PG,30,190,220,29,80,1.9,2,0.83,3.1,0.43,4.8,0.33,0.8,64,1.6,77,3.8,87,76,1.3,0.3,82,,,,,,
,,,,,,,,,,,,,,,,,,,,,,,,,,,,,,,
players,Ja,Morant,PG,25,188,174,14,78,3.9,6.5,0.81,11.1,0.5,4.9,0.3,0.6,93,3.7,96,7.7,82,86,1.3,0.3,97,SP,,,,,
,,,,,,,,,,,,,,,,,,,,,,,,,,,,,,,
players,Brandon,Clarke,PF,28,203,215,14,79,0.6,1.2,0.67,5.1,0.65,0.4,0.26,1.7,50,3.2,80,1,84,79,0.5,0.6,84,,,,,,
,,,,,,,,,,,,,,,,,,,,,,,,,,,,,,,
players,Desmond,Babe,SG,26,196,215,14,78,2.5,2.5,0.86,7.5,0.58,5.9,0.38,0.8,75,4.7,85,5.3,80,82,1.3,0.5,87,PT,,,,,
,,,,,,,,,,,,,,,,,,,,,,,,,,,,,,,
players,Scotty,Pippen Jr.,PG,24,185,185,14,75,1.8,2,0.67,5,0.52,2.9,0.37,0.7,23,2.6,82,4.6,82,73,1.3,0.4,79,PT,,,,,
,,,,,,,,,,,,,,,,,,,,,,,,,,,,,,,
players,Luke,Kennard,SG,28,196,206,14,61,0.9,1.2,0.89,2,0.45,4.6,0.47,0.7,41,2.4,76,3.2,85,71,0.6,0.1,77,,,,,,
,,,,,,,,,,,,,,,,,,,,,,,,,,,,,,,
players,Jay,Huff,C,26,216,240,14,82,0.7,1.2,0.77,1.9,0.73,3.8,0.41,0.5,15,2.4,75,0.7,86,74,0.3,1,73,,,,,,
,,,,,,,,,,,,,,,,,,,,,,,,,,,,,,,
players,Jaylen,Wells,SG,21,201,206,14,69,1.1,1.9,0.82,4.3,0.5,5.2,0.38,1.1,10,2.2,73,1.6,80,80,0.5,0.1,77,R,,,,,
,,,,,,,,,,,,,,,,,,,,,,,,,,,,,,,
players,Santi,Aldama,PF,24,211,224,14,76,1.2,1.5,0.7,5.5,0.59,4.6,0.36,1.6,40,5.4,77,2.7,79,80,0.9,0.5,83,,,,,,
,,,,,,,,,,,,,,,,,,,,,,,,,,,,,,,
,,,,,,,,,,,,,,,,,,,,,,,,,,,,,,,
,,,,,,,,,,,,,,,,,,,,,,,,,,,,,,,
players,Kel`el,Ware,C,20,213,230,15,82,0.6,1.1,0.74,4.3,0.64,1.7,0.37,1,10,3.6,71,0.5,73,83,0.5,1,79,R,,,,,
,,,,,,,,,,,,,,,,,,,,,,,,,,,,,,,
players,Bam,Adebayo,C,27,206,255,15,85,2,4,0.71,10.7,0.49,2.5,0.26,2.5,89,7.4,89,4.5,88,86,1.4,0.8,95,SP,,,,,
,,,,,,,,,,,,,,,,,,,,,,,,,,,,,,,
players,Duncan,Robinson,SF,30,201,215,15,60,1,0.7,0.89,2.6,0.53,6.7,0.38,0.3,45,2.1,80,2.8,86,66,0.5,0.2,79,EX,,,,,
,,,,,,,,,,,,,,,,,,,,,,,,,,,,,,,
players,Jimmy,Butler,SF,35,201,230,9,81,1.2,6.4,0.8,9.1,0.56,1.4,0.56,2.2,93,3,90,4.8,82,69,1.1,0.4,91,SP,,,,,
,,,,,,,,,,,,,,,,,,,,,,,,,,,,,,,
players,Terry,Rozier,PG,30,185,190,15,70,1.5,1.8,0.91,5.6,0.5,5.2,0.28,0.7,66,3.4,85,2.9,83,68,0.6,0.3,84,,,,,,
,,,,,,,,,,,,,,,,,,,,,,,,,,,,,,,
players,Alec,Burks,SF,33,198,214,15,69,0.4,1,0.8,1.1,0.37,3.1,0.42,0.3,45,1.7,78,1,78,62,0.5,0.2,78,,,,,,
,,,,,,,,,,,,,,,,,,,,,,,,,,,,,,,
players,Tyler,Herro,SG,25,196,195,15,73,2.3,4,0.87,7.8,0.56,9.7,0.4,0.3,85,6.3,89,5.1,86,86,0.7,0.1,89,,,,,,
,,,,,,,,,,,,,,,,,,,,,,,,,,,,,,,
players,Jaime,Jaquez Jr.,SF,23,198,225,15,79,1.6,2.6,0.74,5.7,0.49,2.1,0.31,1.3,24,3.5,83,2.7,79,84,1.2,0.2,84,,,,,,
,,,,,,,,,,,,,,,,,,,,,,,,,,,,,,,
players,Nikola,Jovic,PF,21,208,209,15,76,1.1,2.1,0.84,3.6,0.53,4.2,0.36,0.6,20,3.2,76,2.7,80,76,0.8,0.3,80,,,,,,
,,,,,,,,,,,,,,,,,,,,,,,,,,,,,,,
players,Haywood,Highsmith,SF,28,201,220,15,74,0.8,0.6,0.66,2.2,0.57,3.1,0.41,0.9,15,2.4,71,1.2,81,70,1,0.6,77,,,,,,
,,,,,,,,,,,,,,,,,,,,,,,,,,,,,,,
players,Kevin,Love,PF,36,203,251,15,62,0.8,1.1,0.68,2.4,0.34,3.4,0.36,1,71,3.4,67,1.1,89,60,0.8,0.1,70,HF,,,,,
,,,,,,,,,,,,,,,,,,,,,,,,,,,,,,,
players,Josh,Richardson,SG,31,196,200,28,65,1,0.5,1,2,0.31,2.8,0.27,0.8,25,0.8,69,1.5,82,64,1,0.1,58,R,,,,,
,,,,,,,,,,,,,,,,,,,,,,,,,,,,,,,
,,,,,,,,,,,,,,,,,,,,,,,,,,,,,,,
,,,,,,,,,,,,,,,,,,,,,,,,,,,,,,,
,,,,,,,,,,,,,,,,,,,,,,,,,,,,,,,
,,,,,,,,,,,,,,,,,,,,,,,,,,,,,,,
players,Brook,Lopez,C,36,213,282,16,80,1,1.4,0.78,4.5,0.61,5,0.37,1.1,76,3.8,42,0.8,74,68,0.8,2,78,,,,,,
,,,,,,,,,,,,,,,,,,,,,,,,,,,,,,,
players,Giannis,Antetokounmpo,PF,30,211,242,16,87,3.5,10.7,0.58,19.9,0.62,0.7,0.15,2.2,98,9.8,93,6,78,80,0.8,1.4,100,HH,,,,,
,,,,,,,,,,,,,,,,,,,,,,,,,,,,,,,
players,Khris,Middleton,SF,33,201,222,29,79,1.7,2.3,0.83,5.8,0.54,3.8,0.37,0.3,80,3.7,84,5.1,86,78,0.9,0.2,86,HH,,,,,
,,,,,,,,,,,,,,,,,,,,,,,,,,,,,,,
players,Damian,Lillard,PG,34,188,195,16,61,2.8,6.6,0.92,8.3,0.51,9,0.39,0.5,94,4,90,7.2,89,79,1.3,0.2,97,SP,,,,,
,,,,,,,,,,,,,,,,,,,,,,,,,,,,,,,
players,Pat,Connaughton,SG,32,196,209,16,63,0.6,0.7,0.75,1.7,0.56,2.4,0.28,0.6,38,2.4,74,1.8,71,67,0.2,0.3,74,,,,,,
,,,,,,,,,,,,,,,,,,,,,,,,,,,,,,,
players,Bobby,Portis,PF,29,208,250,16,75,1.2,1.5,0.81,8.2,0.52,3.5,0.36,1.7,49,6.2,66,2,65,65,0.7,0.5,71,IH,,,,,
,,,,,,,,,,,,,,,,,,,,,,,,,,,,,,,
players,Gary,Trent Jr.,SG,26,196,209,16,78,0.6,0.9,0.9,2.6,0.44,5.1,0.43,0.2,56,2.1,79,0.9,80,72,1.2,0.2,82,,,,,,
,,,,,,,,,,,,,,,,,,,,,,,,,,,,,,,
players,Taurean,Prince,PF,30,198,218,16,81,1,0.5,0.77,2.1,0.43,3.6,0.43,0.6,56,3.1,78,1.8,80,70,0.8,0.1,82,,,,,,
,,,,,,,,,,,,,,,,,,,,,,,,,,,,,,,
players,A.J.,Green,SG,25,193,200,16,65,0.6,0.4,0.85,0.7,0.48,5.2,0.44,0.3,10,3.1,61,1.3,71,70,0.5,0.1,73,,,,,,
,,,,,,,,,,,,,,,,,,,,,,,,,,,,,,,
players,AJ,Johnson,SG,20,193,160,29,55,0.3,0.1,0.7,1,0.5,0.2,0.65,0.1,3,0.5,50,0.5,72,81,0.1,0,66,R,,,,,
,,,,,,,,,,,,,,,,,,,,,,,,,,,,,,,
players,MarJon,Beauvhamp,SF,24,198,199,12,60,0.6,0.5,0.8,1,0.5,0.9,0.27,0.2,8,0.9,64,0.1,73,69,0.1,0,71,,,,,,
,,,,,,,,,,,,,,,,,,,,,,,,,,,,,,,
players,Delon,Wright,PG,32,196,185,16,75,0.6,0.6,0.57,1.3,0.35,1.8,0.26,0.6,34,1.7,70,1.8,75,69,0.3,0.6,76,,,,,,
,,,,,,,,,,,,,,,,,,,,,,,,,,,,,,,
,,,,,,,,,,,,,,,,,,,,,,,,,,,,,,,
,,,,,,,,,,,,,,,,,,,,,,,,,,,,,,,
,,,,,,,,,,,,,,,,,,,,,,,,,,,,,,,
,,,,,,,,,,,,,,,,,,,,,,,,,,,,,,,
,,,,,,,,,,,,,,,,,,,,,,,,,,,,,,,
players,Julius,Randle,PF,30,206,250,17,78,2.9,5.3,0.8,9.3,0.53,4.6,0.33,2.1,81,5.2,80,4.5,85,81,0.7,0.2,90,SP,,,,,
,,,,,,,,,,,,,,,,,,,,,,,,,,,,,,,
players,Jaden,McDaniels,PF,24,206,185,17,85,1,1.2,0.75,5.3,0.54,3.8,0.32,1.5,28,3.6,83,1.5,80,84,1.4,0.9,83,PT,,,,,
,,,,,,,,,,,,,,,,,,,,,,,,,,,,,,,
players,Nickeil,Alexander-Walker,SG,26,196,205,17,80,1.3,1,0.69,2.8,0.51,3.9,0.4,0.6,21,2.2,78,1.5,73,76,0.6,0.3,77,PT,,,,,
,,,,,,,,,,,,,,,,,,,,,,,,,,,,,,,
players,Donte,DiVinvenzo,SG,27,193,203,17,78,1.8,1.3,0.82,2.4,0.47,7,0.36,0.6,40,3.7,76,3.6,81,79,1.2,0.2,81,,,,,,
,,,,,,,,,,,,,,,,,,,,,,,,,,,,,,,
players,Mike,Conley,PG,37,183,175,17,69,1.1,1.4,0.89,2.2,0.33,4.7,0.38,0.5,78,2.2,79,4.3,90,67,1.3,0.2,84,HH,,,,,
,,,,,,,,,,,,,,,,,,,,,,,,,,,,,,,
players,Joe,Ingles,SF,37,203,220,17,60,1,0.5,0.82,0.1,0.58,2.4,0.43,0.2,39,1.8,71,1,89,60,0.1,0.1,69,,,,,,
,,,,,,,,,,,,,,,,,,,,,,,,,,,,,,,
players,Rob,Dillingham,PG,20,185,176,17,71,1.1,0.2,0.8,2.4,0.51,1.7,0.45,0.1,4,0.7,72,1.7,74,83,0.1,0.1,83,R,,,,,
,,,,,,,,,,,,,,,,,,,,,,,,,,,,,,,
players,Terrence,Shannon Jr.,SG,24,198,215,17,70,0.3,0.2,0.8,1,0.6,0.3,0.3,0.1,3,0.2,70,0.5,81,80,0.2,0.1,81,R,,,,,
,,,,,,,,,,,,,,,,,,,,,,,,,,,,,,,
players,Luka,Garza,C,26,208,235,17,73,0.6,0.4,0.62,1.6,0.68,0.6,0.25,0.4,7,0.7,61,0.1,60,59,0.1,0.1,61,,,,,,
,,,,,,,,,,,,,,,,,,,,,,,,,,,,,,,
players,Naz,Reid,C,25,206,264,17,75,1.2,1.9,0.78,5.4,0.55,5.1,0.4,1,60,4.2,81,1.7,96,75,0.8,0.8,81,PT,,,,,
,,,,,,,,,,,,,,,,,,,,,,,,,,,,,,,
players,Josh,Minott,SF,22,203,205,17,67,0.3,0.4,0.81,1.3,0.7,1,0.25,0.2,5,0.9,71,0.5,69,68,0.4,0.3,69,,,,,,
,,,,,,,,,,,,,,,,,,,,,,,,,,,,,,,
,,,,,,,,,,,,,,,,,,,,,,,,,,,,,,,
,,,,,,,,,,,,,,,,,,,,,,,,,,,,,,,
,,,,,,,,,,,,,,,,,,,,,,,,,,,,,,,
,,,,,,,,,,,,,,,,,,,,,,,,,,,,,,,
players,Yves,Messi,C,20,211,235,18,84,1.2,3,0.66,6.3,0.56,0,0,3.6,9,4.5,74,1.4,81,79,0.6,1.4,75,R,,,,,
,,,,,,,,,,,,,,,,,,,,,,,,,,,,,,,
players,Zion,Williamson,PF,24,198,284,18,73,3.5,8.5,0.63,16.3,0.5,0.9,0.2,3.4,84,5.1,88,5.1,82,80,1.2,1.2,82,,,,,,
,,,,,,,,,,,,,,,,,,,,,,,,,,,,,,,
players,Brandon,Ingram,SF,27,203,190,27,69,3.8,3.1,0.85,12.1,0.51,6.4,0.37,0.9,80,4.6,81,5.2,88,83,0.9,0.6,90,SP,,,,,
,,,,,,,,,,,,,,,,,,,,,,,,,,,,,,,
players,Brandon,Boston Jr.,SG,23,201,185,18,68,1.2,2,0.81,5.7,0.48,3.3,0.34,0.7,6,2.5,81,2.3,83,76,1.2,0.2,80,,,,,,
,,,,,,,,,,,,,,,,,,,,,,,,,,,,,,,
players,Dejounte,Murray,PG,28,196,180,18,83,3.5,3.7,0.81,10.4,0.44,5.8,0.3,0.5,81,6,90,7.6,83,80,2.2,0.4,90,,,,,,
,,,,,,,,,,,,,,,,,,,,,,,,,,,,,,,
players,Javonte,Green,SG,31,193,205,18,69,0.7,1.3,0.77,2.5,0.52,4.6,0.46,1.1,30,2.4,75,2.4,75,70,1,0.7,80,,,,,,
,,,,,,,,,,,,,,,,,,,,,,,,,,,,,,,
players,Daniel,Theis,C,32,203,245,20,73,0.7,1,0.82,2.4,0.59,1,0.25,1.2,35,4.4,60,1.6,79,65,0.5,0.5,74,IH,,,,,
,,,,,,,,,,,,,,,,,,,,,,,,,,,,,,,
players,Jose,Alvarado,PG,26,183,179,18,75,1.2,1.2,0.78,2.8,0.35,5.3,0.41,0.5,41,1.5,83,4.1,79,76,1.4,0.3,82,,,,,,
,,,,,,,,,,,,,,,,,,,,,,,,,,,,,,,
players,Trey,Murphy III,SF,24,191,203,18,80,1.6,4.8,0.88,7.3,0.55,8.5,0.35,1,55,4,84,3,84,83,1.6,0.8,89,,,,,,
,,,,,,,,,,,,,,,,,,,,,,,,,,,,,,,
players,Herbert,Jones,SF,26,203,210,18,84,1.8,2,0.82,5,0.53,3.6,0.3,1.1,49,2.8,81,3.3,86,82,1.9,0.5,87,,,,,,
,,,,,,,,,,,,,,,,,,,,,,,,,,,,,,,
players,Jordan,Hawkins,SG,22,196,195,18,65,0.9,2,0.83,4.3,0.41,6.1,0.33,0.4,34,2.1,70,0.9,72,78,0.7,0.4,71,,,,,,
,,,,,,,,,,,,,,,,,,,,,,,,,,,,,,,
players,Jeremiah,Robinson-Earl,PF,24,206,230,18,62,0.7,0.7,0.86,2.7,0.57,2.3,0.3,1.8,19,3.1,69,1.3,68,68,0.7,0.2,69,,,,,,
,,,,,,,,,,,,,,,,,,,,,,,,,,,,,,,
players,Antonio,Reeves,SG,24,196,205,18,60,0.3,0.4,0.87,2.1,0.52,2.1,0.28,0.3,3,1,68,0.6,69,71,0.3,0.1,73,R,,,,,
,,,,,,,,,,,,,,,,,,,,,,,,,,,,,,,
,,,,,,,,,,,,,,,,,,,,,,,,,,,,,,,
,,,,,,,,,,,,,,,,,,,,,,,,,,,,,,,
,,,,,,,,,,,,,,,,,,,,,,,,,,,,,,,
,,,,,,,,,,,,,,,,,,,,,,,,,,,,,,,
players,Karl-Anthony,Towns,C,29,213,248,19,85,2.6,5.9,0.83,11.8,0.58,4.8,0.43,3,89,10.9,90,3.4,90,85,1,0.8,96,SP,,,,,
,,,,,,,,,,,,,,,,,,,,,,,,,,,,,,,
players,OG,Anunoby,PF,27,201,232,19,87,1.3,2.5,0.8,7.1,0.55,5.8,0.35,1.3,82,3.5,91,2,93,87,1.4,0.9,90,PT,,,,,
,,,,,,,,,,,,,,,,,,,,,,,,,,,,,,,
players,Mikal,Bridges,SF,28,198,209,19,86,1.6,1.2,0.74,8.2,0.6,6.8,0.36,0.9,85,3.1,90,3.2,93,84,1,0.5,98,,,,,,
,,,,,,,,,,,,,,,,,,,,,,,,,,,,,,,
players,Josh,Hart,SG,29,193,215,19,83,2,2.7,0.81,6.2,0.66,3.4,0.36,2.7,69,7.5,88,5.7,87,79,1.5,0.4,93,PT,,,,,
,,,,,,,,,,,,,,,,,,,,,,,,,,,,,,,
players,Jalen,Brunson,PG,28,188,290,19,80,2.4,7,0.81,12.4,0.53,5.9,0.39,0.4,93,2.5,94,7.4,90,89,0.9,0,95,SP,,,,,
,,,,,,,,,,,,,,,,,,,,,,,,,,,,,,,
players,Tyler,Kolek,PG,23,185,195,19,63,0.3,0.2,0.55,0.7,0.36,1,0.38,0.1,6,0.5,68,0.1,74,83,0.3,0,69,R,,,,,
,,,,,,,,,,,,,,,,,,,,,,,,,,,,,,,
players,Landry,Shamet,SG,25,193,190,19,74,0.3,0.1,0.5,1.3,0.5,1.7,0.28,0.2,20,0.9,71,0.5,77,72,0.5,0.1,73,,,,,,
,,,,,,,,,,,,,,,,,,,,,,,,,,,,,,,
players,Miles,Mcbride,PG,24,188,200,19,65,0.8,1.1,0.82,3.2,0.47,4.6,0.37,0.8,29,2.4,78,2.8,79,85,0.8,0.2,78,PT,,,,,
,,,,,,,,,,,,,,,,,,,,,,,,,,,,,,,
players,Precious,Achiuwa,C,25,203,225,19,80,0.8,1,0.52,3.7,0.55,0.6,0.37,1.7,34,3.8,73,1,83,78,0.8,0.8,82,,,,,,
,,,,,,,,,,,,,,,,,,,,,,,,,,,,,,,
players,Mitchell,Robinso,C,26,213,240,19,88,0.8,2.1,0.4,4.1,0.57,2.4,0.57,4.6,42,3.9,70,0.6,80,75,1.2,1.1,71,,,,,,
,,,,,,,,,,,,,,,,,,,,,,,,,,,,,,,
players,Matt,Ryan,SF,27,198,215,19,60,0.2,0.1,0.89,0.6,0.44,1.1,0.31,0.1,10,0.4,73,0.2,71,65,0.1,0.1,70,,,,,,
,,,,,,,,,,,,,,,,,,,,,,,,,,,,,,,
,,,,,,,,,,,,,,,,,,,,,,,,,,,,,,,
,,,,,,,,,,,,,,,,,,,,,,,,,,,,,,,
,,,,,,,,,,,,,,,,,,,,,,,,,,,,,,,
,,,,,,,,,,,,,,,,,,,,,,,,,,,,,,,
players,Chet,Holmgren,C,22,216,213,20,92,2.3,4.9,0.77,7.4,0.56,3.7,0.56,1.6,77,8.7,86,2,84,90,0.8,2.3,92,PT,,,,,
,,,,,,,,,,,,,,,,,,,,,,,,,,,,,,,
players,Kenrich,Williams,PF,30,201,210,20,69,0.5,0.5,0.88,2.2,0.62,2.2,0.37,0.8,20,2.4,72,0.9,85,66,0.6,0.1,75,,,,,,
,,,,,,,,,,,,,,,,,,,,,,,,,,,,,,,
players,Jalen,Williams,SG,23,198,220,20,85,2.3,4,0.79,12,0.52,5,0.34,0.8,65,4.8,89,5.2,82,85,1.8,0.8,90,PT,,,,,
,,,,,,,,,,,,,,,,,,,,,,,,,,,,,,,
players,Shai,G-Alexander,PG,26,198,200,20,84,2.7,8.3,0.9,15.7,0.57,5.7,0.35,0.9,96,4.4,97,6,89,93,2.1,1.1,97,SP,,,,,
,,,,,,,,,,,,,,,,,,,,,,,,,,,,,,,
players,Cason,Wallace,SG,21,193,205,20,79,0.7,0.4,0.77,3.9,0.53,3,0.34,1.1,7,2.4,80,2.5,80,78,1.7,0.6,84,,,,,,
,,,,,,,,,,,,,,,,,,,,,,,,,,,,,,,
players,Isaiah,Hartenstein,C,26,213,255,20,85,2,2.8,0.64,8.4,0.59,0.4,0.27,2.9,50,9.2,83,4.2,82,80,0.8,1.2,82,PT,,,,,
,,,,,,,,,,,,,,,,,,,,,,,,,,,,,,,
players,Alex,Caruso,PG,30,196,186,20,87,0.7,0.4,0.75,2.4,0.5,3.3,0.29,0.7,60,2.1,81,2.6,90,79,1.8,0.5,90,CG,,,,,
,,,,,,,,,,,,,,,,,,,,,,,,,,,,,,,
players,Jaylin,Williams,PF,22,203,250,20,71,0.7,0.2,0.75,1.6,0.53,3.7,0.36,1.2,10,3.6,75,2.2,78,79,0.4,0.6,76,,,,,,
,,,,,,,,,,,,,,,,,,,,,,,,,,,,,,,
players,Isaiah,Joe,SG,25,196,181,20,62,0.5,0.5,0.76,1.7,0.56,6,0.38,0.5,12,2.1,78,1.4,80,78,0.8,0.1,76,,,,,,
,,,,,,,,,,,,,,,,,,,,,,,,,,,,,,,
players,Dillion,Jones,SF,23,196,240,20,61,0.4,0.5,0.57,1,0.53,1.3,0.18,0.6,2,1.2,72,0.8,75,71,0.2,0.1,72,R,,,,,
,,,,,,,,,,,,,,,,,,,,,,,,,,,,,,,
players,Luguentz,Dort,SF,25,193,220,20,89,0.7,0.9,0.81,2.6,0.41,5.6,0.41,1.4,51,4.3,89,1.7,85,86,1,0.7,89,PT,,,,,
,,,,,,,,,,,,,,,,,,,,,,,,,,,,,,,
,,,,,,,,,,,,,,,,,,,,,,,,,,,,,,,
,,,,,,,,,,,,,,,,,,,,,,,,,,,,,,,
,,,,,,,,,,,,,,,,,,,,,,,,,,,,,,,
,,,,,,,,,,,,,,,,,,,,,,,,,,,,,,,
,,,,,,,,,,,,,,,,,,,,,,,,,,,,,,,
players,Wendell,Carter Jr.,C,25,208,270,21,81,1,3,0.71,4.6,0.47,2.3,0.19,1.8,64,5.5,70,2.3,85,76,0.9,0.6,85,,,,,,
,,,,,,,,,,,,,,,,,,,,,,,,,,,,,,,
players,Jonathan,Isaac,PF,27,208,230,21,88,0.5,1.7,0.65,2.8,0.57,2.6,0.25,1.9,50,3,72,0.5,81,72,0.8,1.3,78,,,,,,
,,,,,,,,,,,,,,,,,,,,,,,,,,,,,,,
players,Farnz,Wagner,SF,23,208,225,21,78,2.5,5.6,0.87,12.8,0.53,6.4,0.31,0.9,75,4.7,87,5.4,85,83,1.5,0.5,90,IH,,,,,
,,,,,,,,,,,,,,,,,,,,,,,,,,,,,,,
players,Kentavious,Caldwell-Pope,SG,31,196,204,21,82,0.9,1.4,0.87,2.8,0.58,4.8,0.31,0.3,72,1.6,85,2.2,89,73,1.6,0.4,81,,,,,,
,,,,,,,,,,,,,,,,,,,,,,,,,,,,,,,
players,Anthony,Black,PG,21,201,198,21,84,2,2.9,0.74,5.6,0.47,2.4,0.26,0.5,64,2.1,81,3.5,83,85,0.6,2,83,,,,,,
,,,,,,,,,,,,,,,,,,,,,,,,,,,,,,,
players,Gary,Harris,SG,30,193,210,21,78,0.5,0.4,0.5,0.9,0.55,2.7,0.35,0.5,54,0.5,76,0.5,87,71,0.7,0.3,78,,,,,,
,,,,,,,,,,,,,,,,,,,,,,,,,,,,,,,
players,Tristan,Da Silva,SF,23,203,217,21,76,0.9,1,0.841,4,0.506,4,0.331,1.3,9,2.8,79,1.8,83,81,0.5,0.2,79,R,,,,,
,,,,,,,,,,,,,,,,,,,,,,,,,,,,,,,
players,Moritz,Wagner,C,27,211,245,21,76,1.6,3.7,0.71,5.8,0.6,2.5,0.36,1.3,25,3.6,74,1.4,80,76,0.8,0.4,75,IH,,,,,
,,,,,,,,,,,,,,,,,,,,,,,,,,,,,,,
players,Goga,Bitadze,C,25,211,250,21,79,1.4,2.1,0.67,6,0.67,6.5,0.6,2.7,14,5.5,76,1.3,78,79,0.9,1.6,83,,,,,,
,,,,,,,,,,,,,,,,,,,,,,,,,,,,,,,
players,Paolo,Banchero,PF,22,208,250,21,83,3.4,9.1,0.64,12.9,0.47,5.6,0.34,1.4,94,6.5,86,4.9,90,90,0.6,0.8,95,,,,,,
,,,,,,,,,,,,,,,,,,,,,,,,,,,,,,,
players,Jalen,Suggs,PG,23,196,205,21,85,2.9,3.1,0.88,6.8,0.5,6.9,0.31,0.7,52,4,85,3.7,85,83,1.5,0.9,84,,,,,,
,,,,,,,,,,,,,,,,,,,,,,,,,,,,,,,
players,Jett,Howard,SF,21,203,215,21,63,0.5,0.5,0.83,1.2,0.54,3,0.32,0.4,4,1.3,75,0.4,75,58,0.1,0.2,81,,,,,,
,,,,,,,,,,,,,,,,,,,,,,,,,,,,,,,
,,,,,,,,,,,,,,,,,,,,,,,,,,,,,,,
,,,,,,,,,,,,,,,,,,,,,,,,,,,,,,,
,,,,,,,,,,,,,,,,,,,,,,,,,,,,,,,
,,,,,,,,,,,,,,,,,,,,,,,,,,,,,,,
,,,,,,,,,,,,,,,,,,,,,,,,,,,,,,,
players,Joel,Embiid,C,30,213,280,22,86,3.2,8.6,0.92,13.1,0.48,3.8,0.32,1.7,91,7.9,71,5.6,81,83,0.8,1,88,SP,,,,,
,,,,,,,,,,,,,,,,,,,,,,,,,,,,,,,
players,Kelly,Oubre Jr.,PF,29,203,203,22,81,1.3,2.8,0.75,7.5,0.56,11.7,0.45,1.7,78,4.5,86,1.8,83,80,1.5,0.5,85,,,,,,
,,,,,,,,,,,,,,,,,,,,,,,,,,,,,,,
players,Paul,George,SF,34,203,220,22,88,2.7,2.6,0.82,7.9,0.48,6.7,0.36,0.7,91,5.6,87,3.5,89,83,1.7,0.4,92,SP,,,,,
,,,,,,,,,,,,,,,,,,,,,,,,,,,,,,,
players,Jared,McCain,SG,20,188,195,22,78,1.6,2.4,0.87,6.1,0.53,5.8,0.38,0.6,13,1.9,87,2.6,90,85,0.7,0,87,R,,,,,
,,,,,,,,,,,,,,,,,,,,,,,,,,,,,,,
players,Tyrese,Maxey,PG,24,188,200,22,72,2.4,5.8,0.86,11.8,0.51,9.7,0.34,0.2,88,3.2,92,5.9,90,88,2,0.4,94,SP,,,,,
,,,,,,,,,,,,,,,,,,,,,,,,,,,,,,,
players,Caleb,Martin,SF,29,196,205,22,82,1.4,2.4,0.62,4.7,0.46,2.8,0.37,1.4,70,3,87,2.2,88,82,1.1,0.6,86,,,,,,
,,,,,,,,,,,,,,,,,,,,,,,,,,,,,,,
players,KJ,Martin,PF,24,198,215,28,75,0.5,1.2,0.82,3.3,0.67,0.9,0.38,0.9,28,2.1,79,0.8,82,79,0.5,0.7,80,,,,,,
,,,,,,,,,,,,,,,,,,,,,,,,,,,,,,,
players,Kyle,Lowry,PG,38,183,196,22,65,0.7,0.9,0.8,0.9,0.41,2.6,0.31,0.3,76,1.6,79,1.1,90,60,1.1,0.3,70,,,,,,
,,,,,,,,,,,,,,,,,,,,,,,,,,,,,,,
players,Reggie,Jackson,PG,34,188,208,29,60,0.7,0.3,0.85,1.7,0.43,2.3,0.34,0.2,50,1.1,75,1.5,88,60,0.5,0.1,68,,,,,,
,,,,,,,,,,,,,,,,,,,,,,,,,,,,,,,
players,Andre,Drummond,C,31,211,279,22,77,1.7,2.2,0.57,5.3,0.54,0.1,0.12,2.5,79,5.1,76,0.6,86,73,1.1,0.4,82,,,,,,
,,,,,,,,,,,,,,,,,,,,,,,,,,,,,,,
players,Guerschon,Yabusele,PF,29,203,260,22,79,1.3,1.9,0.7,3.7,0.61,3.8,0.39,1.9,43,5.5,78,2,83,70,0.7,0.4,80,IH,,,,,
,,,,,,,,,,,,,,,,,,,,,,,,,,,,,,,
,,,,,,,,,,,,,,,,,,,,,,,,,,,,,,,
,,,,,,,,,,,,,,,,,,,,,,,,,,,,,,,
,,,,,,,,,,,,,,,,,,,,,,,,,,,,,,,
,,,,,,,,,,,,,,,,,,,,,,,,,,,,,,,
players,Jusuf,Nurkic,C,30,213,290,3,76,2.3,2.8,0.51,4.2,0.52,2.4,0.32,1.8,61,7.3,60,1.9,80,70,0.9,0.6,85,IH,,,,,
,,,,,,,,,,,,,,,,,,,,,,,,,,,,,,,
players,Kevin,Durrant,PF,36,211,240,23,82,3,6.1,0.82,12.7,0.58,5.8,0.4,0.4,97,5.7,92,4.1,94,87,0.8,1.3,95,SP,,,,,
,,,,,,,,,,,,,,,,,,,,,,,,,,,,,,,
players,Royce,O'Neale,SF,31,193,226,23,80,1,0.5,0.77,2.2,0.48,5.5,0.39,0.9,45,4.3,82,2,82,70,0.9,0.5,81,,,,,,
,,,,,,,,,,,,,,,,,,,,,,,,,,,,,,,
players,Devin,Booker,SG,28,198,206,23,80,2.6,6.9,0.89,11.1,0.52,7.8,0.34,1,93,3.1,90,6.7,89,90,1.1,0.3,98,SP,,,,,
,,,,,,,,,,,,,,,,,,,,,,,,,,,,,,,
players,Bradley,Beal,SG,31,193,207,23,81,2,2.4,0.77,8.2,0.54,5.1,0.4,0.7,91,2.7,90,3.4,90,89,1.1,0.6,97,SP,,,,,
,,,,,,,,,,,,,,,,,,,,,,,,,,,,,,,
players,Ryan,Dunn,SF,22,198,216,23,86,0.4,0.5,0.47,3.1,0.59,3.3,0.31,1,8,2.4,86,1,80,87,0.5,0.6,83,R,,,,,
,,,,,,,,,,,,,,,,,,,,,,,,,,,,,,,
players,Grayson,Allen,SG,29,193,198,23,72,1.1,1.8,0.83,1.9,0.52,5.6,0.43,0.6,61,2.8,75,1.9,85,76,0.9,0.3,82,EX,,,,,
,,,,,,,,,,,,,,,,,,,,,,,,,,,,,,,
players,Oso,Ighodaro,PF,22,204,235,23,72,0.6,0.9,0.54,2.7,0.56,0.1,0.5,0.9,4,2.4,75,0.9,80,81,0.5,0.3,81,R,,,,,
,,,,,,,,,,,,,,,,,,,,,,,,,,,,,,,
players,Monte,Morris,PG,29,188,180,23,68,0.4,1.1,0.85,2.4,0.5,1.8,0.3,0.3,29,1.2,77,1.7,79,71,0.4,0.1,78,,,,,,
,,,,,,,,,,,,,,,,,,,,,,,,,,,,,,,
players,Damion,Lee,SG,32,196,210,23,70,0.4,0.9,0.88,1.4,0.52,1.6,0.37,0.5,20,0.8,72,0.6,78,67,0.6,0.1,80,,,,,,
,,,,,,,,,,,,,,,,,,,,,,,,,,,,,,,
players,Nick,Richards,C,23,213,245,23,88,2,3.3,0.73,6.6,0.58,0.1,0.2,2.8,24,8.1,74,0.1,85,80,0.1,0.9,87,PT,,,,,
,,,,,,,,,,,,,,,,,,,,,,,,,,,,,,,
players,Bol,Bol,PF,25,221,220,23,83,0.5,0.9,0.66,1.2,0.8,1.1,0.23,1.1,30,1.1,80,0.2,84,78,0.3,0.7,84,,,,,,
,,,,,,,,,,,,,,,,,,,,,,,,,,,,,,,
players,Mason,Plumlee,C,34,208,254,23,74,0.9,1.5,0.63,2.6,0.58,0.1,0.04,1.7,35,4.6,78,1.8,81,76,0.4,0.8,80,,,,,,
,,,,,,,,,,,,,,,,,,,,,,,,,,,,,,,
,,,,,,,,,,,,,,,,,,,,,,,,,,,,,,,
,,,,,,,,,,,,,,,,,,,,,,,,,,,,,,,
,,,,,,,,,,,,,,,,,,,,,,,,,,,,,,,
,,,,,,,,,,,,,,,,,,,,,,,,,,,,,,,
players,Robert,Williams,C,27,206,237,24,89,0.9,1,0.88,3.5,0.66,0.2,0.14,1.8,40,3.9,72,1,82,86,0.6,1.7,83,PT,,,,,
,,,,,,,,,,,,,,,,,,,,,,,,,,,,,,,
players,Jerami,Grant,PF,30,201,210,24,82,1.3,3.6,0.85,6.1,0.38,6,0.38,0.5,81,2.8,86,2.2,89,82,0.7,1.1,89,PT,,,,,
,,,,,,,,,,,,,,,,,,,,,,,,,,,,,,,
players,Deni,Avdija,SF,24,206,210,24,76,2.4,4.5,0.77,6.2,0.55,4.3,0.34,1.3,51,5.2,84,3.5,87,84,1.1,0.6,84,PT,,,,,
,,,,,,,,,,,,,,,,,,,,,,,,,,,,,,,
players,Shaedon,Sharpe,SG,21,198,200,24,75,1.9,3.1,0.79,8.4,0.51,6.1,0.32,0.7,40,3.2,89,2.5,85,88,0.8,0.2,90,,,,,,
,,,,,,,,,,,,,,,,,,,,,,,,,,,,,,,
players,Scoot,Henderson,PG,21,190,202,24,75,2.7,3.3,0.77,6,0.47,4,0.35,0.7,61,2.3,90,5.3,88,90,1.1,0.3,92,,,,,,
,,,,,,,,,,,,,,,,,,,,,,,,,,,,,,,
players,Deandre,Ayton,C,26,213,250,24,83,1.7,1.3,0.61,10.8,0.61,0.9,0.19,3,73,7.1,85,0.8,84,88,0.8,0.9,90,,,,,,
,,,,,,,,,,,,,,,,,,,,,,,,,,,,,,,
players,Anfernee,Simons,SG,25,190,181,24,77,2.1,2.6,0.89,7.3,0.48,8,0.36,0.3,48,2.5,88,4.8,87,85,0.8,0.1,88,,,,,,
,,,,,,,,,,,,,,,,,,,,,,,,,,,,,,,
players,Kris,Murray,SF,24,203,220,24,75,0.5,0.8,0.43,2.2,0.58,1.5,0.26,1,40,1.2,84,0.9,82,83,0.2,0.5,83,,,,,,
,,,,,,,,,,,,,,,,,,,,,,,,,,,,,,,
players,Matisse,Thybulle,SG,27,196,201,24,81,0.6,0.4,0.75,1.3,0.53,3.6,0.34,0.5,42,1.6,79,1.4,83,82,1.7,0.8,81,,,,,,
,,,,,,,,,,,,,,,,,,,,,,,,,,,,,,,
players,Jabari,Walker,PF,22,206,215,24,77,0.6,0.7,0.61,2,0.56,0.9,0.2,0.8,20,2.1,81,0.4,77,78,0.5,0.1,80,,,,,,
,,,,,,,,,,,,,,,,,,,,,,,,,,,,,,,
players,Donovan,Clingan,C,20,218,280,24,87,1.2,0.9,0.73,3.5,0.56,0.6,0.27,2.7,13,3.8,75,0.8,80,88,0.4,1.6,84,R,,,,,
,,,,,,,,,,,,,,,,,,,,,,,,,,,,,,,
players,Dalano,Banton,PG,25,206,204,24,75,1.3,1.9,0.7,4.3,0.45,3.3,0.35,0.3,10,1.6,80,2.2,83,78,0.7,0.5,80,,,,,,
,,,,,,,,,,,,,,,,,,,,,,,,,,,,,,,
,,,,,,,,,,,,,,,,,,,,,,,,,,,,,,,
,,,,,,,,,,,,,,,,,,,,,,,,,,,,,,,
,,,,,,,,,,,,,,,,,,,,,,,,,,,,,,,
,,,,,,,,,,,,,,,,,,,,,,,,,,,,,,,
players,Domantas,Sabonis,C,28,208,240,25,80,3,4.3,0.76,11,0.63,2.4,0.47,3.9,90,10.4,90,6.5,91,90,0.6,0.4,97,SP,,,,,
,,,,,,,,,,,,,,,,,,,,,,,,,,,,,,,
players,Keegan,Murray,PF,24,203,215,25,76,0.9,1,0.82,5.2,0.54,5.6,0.32,2.2,60,4.9,87,0.8,85,83,0.8,0.9,88,PT,,,,,
,,,,,,,,,,,,,,,,,,,,,,,,,,,,,,,
players,DeMar,DeRozan,SF,35,198,220,25,80,1.4,5.4,0.86,13.9,0.51,2.7,0.31,0.6,95,3.2,90,3.6,89,88,1.1,0.4,97,SP,,,,,
,,,,,,,,,,,,,,,,,,,,,,,,,,,,,,,
players,Malik,Monk,SG,27,190,200,25,78,2,3,0.87,7.7,0.55,7,0.33,0.4,77,3.4,87,5.9,86,88,1,0.6,90,,,,,,
,,,,,,,,,,,,,,,,,,,,,,,,,,,,,,,
players,De'Aaron,Fox,PG,27,190,185,26,83,3,5.5,0.82,13.3,0.53,6.4,0.32,1,92,4,92,6.1,90,90,1.5,0.4,97,SP,,,,,
,,,,,,,,,,,,,,,,,,,,,,,,,,,,,,,
players,Kevin,Huerter,SG,26,201,190,4,75,0.9,0.7,0.71,2.4,0.62,4.8,0.62,0.4,50,2.3,82,1.7,82,84,0.8,0.4,86,,,,,,
,,,,,,,,,,,,,,,,,,,,,,,,,,,,,,,
players,Devin,Carter,PG,22,188,195,25,70,0.5,1.1,0.78,1.8,0.38,2.1,0.25,0.4,10,2,84,1.2,78,79,0.2,0.2,79,R,,,,,
,,,,,,,,,,,,,,,,,,,,,,,,,,,,,,,
players,Trey,Lyles,PF,29,206,234,25,72,0.6,1.1,0.73,1.8,0.51,3.8,0.33,1.1,14,3.6,78,0.9,80,72,0.4,0.6,76,,,,,,
,,,,,,,,,,,,,,,,,,,,,,,,,,,,,,,
players,Doug,McDermott,SF,33,198,225,25,73,0.2,0.2,0.8,0.4,0.38,2.8,0.42,0.1,28,0.5,76,0.1,81,77,0.1,0.6,75,,,,,,
,,,,,,,,,,,,,,,,,,,,,,,,,,,,,,,
players,Alex,Len,C,31,213,250,29,71,0.3,0.4,0.53,1,0.6,0.2,0.32,0.7,18,1.1,77,0.9,73,71,0.2,0.5,71,,,,,,
,,,,,,,,,,,,,,,,,,,,,,,,,,,,,,,
players,Jae,Crowder,PF,34,198,235,25,74,0.6,0.9,0.83,0.7,0.44,1.7,0.25,0.9,35,1.6,78,0.6,87,70,0.4,0.2,79,,,,,,
,,,,,,,,,,,,,,,,,,,,,,,,,,,,,,,
players,Keon,Ellis,SG,25,198,175,25,75,0.8,1.1,0.86,1.5,0.57,3.8,0.42,0.8,17,1.6,76,1.2,80,77,1.4,0.7,80,PT,,,,,
,,,,,,,,,,,,,,,,,,,,,,,,,,,,,,,
players,Jordan,McLaughlin,PG,28,183,185,26,69,0.4,0.6,0.68,0.6,0.33,0.9,0.38,0.1,15,0.8,70,0.9,79,70,0.4,0.1,71,,,,,,
,,,,,,,,,,,,,,,,,,,,,,,,,,,,,,,
,,,,,,,,,,,,,,,,,,,,,,,,,,,,,,,
,,,,,,,,,,,,,,,,,,,,,,,,,,,,,,,
,,,,,,,,,,,,,,,,,,,,,,,,,,,,,,,
,,,,,,,,,,,,,,,,,,,,,,,,,,,,,,,
players,Victor,Wembanyama,C,21,221,235,26,95,3.4,4,0.84,9.9,0.58,9,0.35,1.7,90,9.1,85,3.7,86,97,1.1,3.9,91,SP,,,,,
,,,,,,,,,,,,,,,,,,,,,,,,,,,,,,,
players,Harrison,Barnes,PF,32,203,225,26,86,0.6,2.8,0.8,4.2,0.57,3.7,0.41,1.4,81,2.5,88,1.8,88,80,0.3,0.2,90,,,,,,
,,,,,,,,,,,,,,,,,,,,,,,,,,,,,,,
players,Keldon,Johnson,SF,25,196,220,26,82,0.8,2.6,0.76,6.3,0.54,3.7,0.3,1.3,60,3.4,90,1.4,83,85,0.6,0.3,90,,,,,,
,,,,,,,,,,,,,,,,,,,,,,,,,,,,,,,
players,Devin,Vassel,SG,24,196,200,26,78,1.6,2.2,0.75,7.6,0.49,6.4,0.35,0.7,61,3,89,3,84,86,1.1,0.5,90,,,,,,
,,,,,,,,,,,,,,,,,,,,,,,,,,,,,,,
players,Stephon,Castle,PG,20,198,215,26,80,1.9,3.2,0.71,6.9,0.48,3.9,0.27,0.8,12,2,90,3.7,86,90,0.8,0.2,88,R,,,,,
,,,,,,,,,,,,,,,,,,,,,,,,,,,,,,,
players,Julian,Champagnie,SF,23,203,220,26,82,1,1.1,0.9,2.3,0.56,6.4,0.36,0.8,10,3.4,83,1.2,82,76,0.7,0.4,81,,,,,,
,,,,,,,,,,,,,,,,,,,,,,,,,,,,,,,
players,Chris,Paul,PG,39,183,175,26,78,1.6,1.5,0.95,2.7,0.51,4.8,0.36,0.5,88,3.7,84,8.2,90,74,1.3,0.2,88,CG,,,,,
,,,,,,,,,,,,,,,,,,,,,,,,,,,,,,,
players,Zach,Collins,PF,27,211,250,4,81,0.6,1,0.88,2.4,0.54,1.3,0.3,1.1,45,1.8,83,1.4,85,79,0.4,0.4,85,,,,,,.
,,,,,,,,,,,,,,,,,,,,,,,,,,,,,,,
players,Charles,Bassey,C,24,208,235,26,83,0.7,1,0.63,3.4,0.57,0,0.23,1.7,5,2.8,75,0.4,82,75,0.4,0.9,70,,,,,,
,,,,,,,,,,,,,,,,,,,,,,,,,,,,,,,
players,Jeremy,Sochan,PF,21,204,230,26,85,1.8,2.6,0.71,7.6,0.56,1.5,0.32,2.5,30,5,88,2.6,87,85,0.9,0.6,90,PT,,,,,
,,,,,,,,,,,,,,,,,,,,,,,,,,,,,,,
players,Tre,Jones,PG,25,185,185,25,78,0.8,1.2,0.75,2.4,0.55,0.9,0.3,0.5,13,1.5,87,3.7,90,82,0.6,0.2,91,,,,,,
,,,,,,,,,,,,,,,,,,,,,,,,,,,,,,,
players,Malaki,Branham,SG,21,193,180,26,75,0.9,0.7,0.85,2,0.46,1.8,0.39,0.1,5,1,79,0.9,83,76,0.2,0.1,81,,,,,,
,,,,,,,,,,,,,,,,,,,,,,,,,,,,,,,
,,,,,,,,,,,,,,,,,,,,,,,,,,,,,,,
,,,,,,,,,,,,,,,,,,,,,,,,,,,,,,,
,,,,,,,,,,,,,,,,,,,,,,,,,,,,,,,
,,,,,,,,,,,,,,,,,,,,,,,,,,,,,,,
players,Scottie,Barnes,PF,23,201,227,27,86,3.1,4.5,0.76,12,0.52,4.9,0.27,1.6,88,6.4,93,6.4,89,90,1.4,0.9,95,SP,,,,,
,,,,,,,,,,,,,,,,,,,,,,,,,,,,,,,
players,Jakob,Poeltl,C,29,213,245,27,90,1.9,2.6,0.65,10.2,0.61,0,0.33,3.5,40,6.6,84,2.8,85,81,1.2,1.3,87,,,,,,
,,,,,,,,,,,,,,,,,,,,,,,,,,,,,,,
players,RJ,Barrett,SF,24,198,214,27,82,3,5.4,0.65,12,0.52,5.2,0.34,1,70,5.6,88,5.7,84,90,0.8,0.3,94,PT,,,,,
,,,,,,,,,,,,,,,,,,,,,,,,,,,,,,,
players,Gradey,Dick,SG,21,198,205,27,81,1.6,3.1,0.88,6.4,0.48,6.3,0.35,0.7,59,2.5,88,2,86,90,0.8,0.2,92,PT,,,,,
,,,,,,,,,,,,,,,,,,,,,,,,,,,,,,,
players,Davion,Mitchell,PG,26,188,205,15,84,1.8,0.8,0.66,2.9,0.49,2.7,0.35,0.4,31,1.6,85,4.6,83,81,0.7,0.2,82,,,,,,
,,,,,,,,,,,,,,,,,,,,,,,,,,,,,,,
players,Kelly,Olynyk,C,33,211,240,18,82,1.5,1.8,0.78,3,0.55,1.7,0.47,1,39,2.6,82,2.3,85,78,0.7,0.3,85,IH,,,,,
,,,,,,,,,,,,,,,,,,,,,,,,,,,,,,,
players,Ochai,Agbaji,SG,24,196,215,27,79,0.8,0.7,0.66,4.2,0.61,3.9,0.4,0.8,30,2.8,84,1.6,82,84,0.8,0.6,85,,,,,,
,,,,,,,,,,,,,,,,,,,,,,,,,,,,,,,
players,Immanuel,Quickley,PG,25,190,190,27,78,1.4,3.3,0.92,6.4,0.44,5.7,0.36,0.2,25,1.9,83,5.7,87,85,0.6,0.2,84,EX,,,,,
,,,,,,,,,,,,,,,,,,,,,,,,,,,,,,,
players,Garrett,Temple,SF,38,196,195,27,80,0.2,0.2,0.74,0.5,0.25,0.4,0.14,0.1,23,0.5,70,0.6,83,60,0.4,0.1,71,,,,,,
,,,,,,,,,,,,,,,,,,,,,,,,,,,,,,,
players,Bruce,Brown Jr.,SG,28,193,202,18,84,1.1,1.6,0.88,5.2,0.48,1.9,0.33,0.9,61,2.9,86,1.6,86,80,0.9,0.3,86,,,,,,
,,,,,,,,,,,,,,,,,,,,,,,,,,,,,,,
players,Chris,Boucher,C,32,206,200,27,86,0.6,1.9,0.78,3.6,0.64,3.9,0.37,1.3,30,3.1,86,0.6,84,79,0.5,0.6,86,,,,,,
,,,,,,,,,,,,,,,,,,,,,,,,,,,,,,,
players,Ja'Kobe,Walter,SG,20,196,180,27,70,0.8,1.5,0.69,3.5,0.48,3.3,0.3,0.7,4,1.7,77,1.4,80,82,0.6,0.2,79,R,,,,,
,,,,,,,,,,,,,,,,,,,,,,,,,,,,,,,
,,,,,,,,,,,,,,,,,,,,,,,,,,,,,,,
,,,,,,,,,,,,,,,,,,,,,,,,,,,,,,,
,,,,,,,,,,,,,,,,,,,,,,,,,,,,,,,
,,,,,,,,,,,,,,,,,,,,,,,,,,,,,,,
players,Wesler,Kessler,C,23,213,245,28,90,1.4,2.8,0.53,6.3,0.72,0.2,0.25,4.3,60,7.2,75,1.5,87,89,0.6,2.3,92,PT,,,,,
,,,,,,,,,,,,,,,,,,,,,,,,,,,,,,,
players,Lauri,Markkanen,PF,27,213,240,28,81,1.4,4.5,0.86,6.2,0.52,8.5,0.35,1.7,87,4.5,89,1.7,89,85,0.7,0.4,88,SP,,,,,
,,,,,,,,,,,,,,,,,,,,,,,,,,,,,,,
players,Brice,Sensabaugh,SF,21,198,235,28,83,1.4,0.9,0.94,3,0.57,3,0.38,0.6,10,2,82,1.3,81,84,0.6,0.1,83,,,,,,
,,,,,,,,,,,,,,,,,,,,,,,,,,,,,,,
players,Collin,Sexton,SG,26,190,190,28,76,2.5,3.9,0.89,9,0.54,4.6,0.41,1.1,46,1.8,85,4.1,86,84,0.7,0.1,85,,,,,,
,,,,,,,,,,,,,,,,,,,,,,,,,,,,,,,
players,Keyonte,George,PG,21,185,193,28,79,2.9,3.8,0.8,6,0.45,7.6,0.33,0.4,23,3.2,87,5.8,85,89,0.7,0.2,90,,,,,,
,,,,,,,,,,,,,,,,,,,,,,,,,,,,,,,
players,Jordan,Clarkson,SG,32,190,194,28,77,2.2,3.8,0.81,7.3,0.45,5.9,0.35,0.6,78,2.5,89,3.7,84,78,0.9,0.3,87,IH,,,,,
,,,,,,,,,,,,,,,,,,,,,,,,,,,,,,,
players,Isaiah,Collier,PG,20,190,210,28,72,2.7,1.1,0.61,4.1,0.57,2,0.22,0.3,4,2.5,80,5.2,79,83,0.8,0.2,84,R,,,,,
,,,,,,,,,,,,,,,,,,,,,,,,,,,,,,,
players,Kyle,Filipowski,C,21,211,250,28,78,1,1.6,0.62,2.8,0.6,1.9,0.3,1,4,3.7,76,1.8,77,81,0.6,0.1,79,R,,,,,
,,,,,,,,,,,,,,,,,,,,,,,,,,,,,,,
players,Johnny,Juzang,SG,23,201,215,28,75,0.5,0.8,0.88,1.7,0.46,4.2,0.4,0.6,6,2.2,78,1,75,81,0.2,0.5,78,,,,,,
,,,,,,,,,,,,,,,,,,,,,,,,,,,,,,,
players,Svi,Mykhailiuk,SF,27,201,205,28,77,1.7,0.8,0.78,2.4,0.59,6.1,0.42,0.4,26,1.8,84,1.7,84,76,0.7,0.3,83,,,,,,
,,,,,,,,,,,,,,,,,,,,,,,,,,,,,,,
players,Taylor,Hendricks,PF,21,206,210,28,80,0.7,1.3,0.75,2,0.52,4,0.25,1.7,5,3.3,76,0.7,78,81,1.7,1.3,81,,,,,,
,,,,,,,,,,,,,,,,,,,,,,,,,,,,,,,
players,Juwan,Morgan,SF,23,201,232,28,57,2,1.2,0.7,4.2,0.47,3,0.24,0.5,20,2.4,63,1,65,63,0.3,0.7,69,R,,,,,
,,,,,,,,,,,,,,,,,,,,,,,,,,,,,,,
,,,,,,,,,,,,,,,,,,,,,,,,,,,,,,,
,,,,,,,,,,,,,,,,,,,,,,,,,,,,,,,
,,,,,,,,,,,,,,,,,,,,,,,,,,,,,,,
,,,,,,,,,,,,,,,,,,,,,,,,,,,,,,,
players,Jonas,Valanciūnas,C,32,211,265,25,80,1.8,2.2,0.89,8.1,0.56,0.6,0.25,2.4,68,6.8,65,2.2,90,76,0.4,0.6,85,IH,,,,,
,,,,,,,,,,,,,,,,,,,,,,,,,,,,,,,
players,Kyle,Kuzma,PF,29,206,221,16,75,2.3,5.8,0.83,9.2,0.49,5,0.28,0.8,84,4.9,89,2.5,91,82,0.6,0.2,90,LG,,,,,
,,,,,,,,,,,,,,,,,,,,,,,,,,,,,,,
players,Bilal,Coulibaly,SF,20,198,195,29,85,2,3.3,0.77,6.7,0.5,3.9,0.28,1.4,11,3.5,85,3.3,84,85,1.3,0.8,88,PT,,,,,
,,,,,,,,,,,,,,,,,,,,,,,,,,,,,,,
players,Jordan,Poole,SG,25,193,194,29,70,3.4,4.2,0.86,6.7,0.44,9.1,0.49,0.5,71,2.6,90,4.8,88,86,1.5,0.5,90,EX,,,,,
,,,,,,,,,,,,,,,,,,,,,,,,,,,,,,,
players,Malcolm,Brogdon,PG,32,193,229,29,76,1.7,4.1,0.86,8,0.47,2.5,0.3,1,60,3.2,88,4.1,86,77,0.5,0.3,88,,,,,,
,,,,,,,,,,,,,,,,,,,,,,,,,,,,,,,
players,Corey,Kispert,SF,25,201,220,29,72,1,1.4,0.86,3.8,0.58,5.4,0.35,0.6,20,2.3,82,1.6,81,74,0.6,0.2,83,,,,,,
,,,,,,,,,,,,,,,,,,,,,,,,,,,,,,,
players,Alex,Sarr,C,19,213,205,29,88,1.4,2.1,0.64,6.3,0.46,4.6,0.3,1.8,10,4.8,82,2.2,85,90,0.7,1.6,84,R,,,,,
,,,,,,,,,,,,,,,,,,,,,,,,,,,,,,,
players,Carlton,Carrington,PG,19,193,190,29,70,1.4,0.9,0.81,3.5,0.46,4.5,0.32,0.4,8,3.5,87,3.8,83,85,0.7,0.2,80,R,,,,,
,,,,,,,,,,,,,,,,,,,,,,,,,,,,,,,
players,Marvin,Bagley III,PF,25,208,235,14,74,0.6,1.2,0.65,3.2,0.59,0.5,0.2,1.4,18,1.5,78,0.4,82,79,0.4,0.3,81,,,,,,
,,,,,,,,,,,,,,,,,,,,,,,,,,,,,,,
players,Kyshawn,George,PG,21,201,200,29,75,1.3,1.2,0.77,2.3,0.48,5.1,0.28,0.8,3,2.9,80,2.2,82,83,0.8,0.6,83,R,,,,,
,,,,,,,,,,,,,,,,,,,,,,,,,,,,,,,
players,Richaun,Holmes,C,31,208,235,29,80,0.4,0.9,0.81,2.7,0.59,0.2,0.27,1.4,28,2.6,85,0.8,85,76,0.2,0.5,82,,,,,,
,,,,,,,,,,,,,,,,,,,,,,,,,,,,,,,
players,Justin,Champagnie,SF,23,198,200,29,75,0.8,0.9,0.75,3.1,0.63,2.8,0.37,1.5,2,3.1,83,1,82,79,1,0.6,82,,,,,,
,,,,,,,,,,,,,,,,,,,,,,,,,,,,,,,
players,Jared,Butler,PG,24,190,195,22,70,0.9,1.4,0.77,4.2,0.51,1.3,0.36,0.4,3,0.8,80,2.6,80,77,0.4,0.2,79,,,,,,
,,,,,,,,,,,,,,,,,,,,,,,,,,,,,,,
,,,,,,,,,,,,,,,,,,,,,,,,,,,,,,,
,,,,,,,,,,,,,,,,,,,,,,,,,,,,,,,
,,,,,,,,,,,,,,,,,,,,,,,,,,,,,,,
,,,,,,,,,,,,,,,,,,,,,,,,,,,,,,,
players,Markelle,Fultz,PG,26,193,209,-1,73,1.2,0.8,0.69,7.2,0.48,0.4,0.22,1.3,40,4.8,78,2.8,82,75,1,0.3,78,,,,,,
,,,,,,,,,,,,,,,,,,,,,,,,,,,,,,,
players,Ryan,Arcidiacono,PG,30,190,195,-1,67,0.5,0.6,0.8,1.4,0.49,0.3,0.36,0.2,19,1.6,69,1.9,79,60,0.5,0,71,CG,,,,,
,,,,,,,,,,,,,,,,,,,,,,,,,,,,,,,
players,Jamaree,Bouyea,PG,25,188,180,-1,62,0.9,0.1,0.5,2,0.48,1.1,0.2,0.3,8,2.7,68,1,93,64,0.4,0.1,70,,,,,,
,,,,,,,,,,,,,,,,,,,,,,,,,,,,,,,
players,D.J,Carton,PG,24,188,200,-1,58,0.6,0.8,0.83,1,0.37,0.9,0.14,0.3,7,0.8,61,0.8,70,62,0.5,0,67,,,,,,
,,,,,,,,,,,,,,,,,,,,,,,,,,,,,,,
players,Malachi,Flynn,PG,26,185,175,-1,63,1.1,1.6,0.68,3.7,0.52,3.2,0.31,0.3,20,1.5,70,2.1,70,66,0.8,0.1,78,,,,,,
,,,,,,,,,,,,,,,,,,,,,,,,,,,,,,,
players,Jacob,Gilyard,PG,26,175,160,-1,60,0.3,0.1,1,0.6,0.37,3.1,0.37,0.2,2,0.5,50,1.5,58,65,0.9,0,70,,,,,,
,,,,,,,,,,,,,,,,,,,,,,,,,,,,,,,
players,Jordan,Goodwin,PG,26,190,200,-1,69,1.6,1.8,0.63,7.5,0.36,3.6,0.31,1.6,30,2.6,80,2.7,80,69,0.9,0.4,75,,,,,,
,,,,,,,,,,,,,,,,,,,,,,,,,,,,,,,
players,Jazian,Gortman,PG,21,188,184,-1,69,0.6,0.3,0.5,0.8,0.41,0.7,0.36,0.1,3,0.3,61,2,80,61,0.1,0.1,68,,,,,,
,,,,,,,,,,,,,,,,,,,,,,,,,,,,,,,
players,Killian,Hayes,PG,23,196,195,-1,70,1.2,1.2,0.66,5,0.45,1.8,0.29,0.3,15,2.6,71,4.9,85,74,0.9,0.5,80,,,,,,
,,,,,,,,,,,,,,,,,,,,,,,,,,,,,,,
players,Kira,Lewis Jr.,PG,23,185,170,-1,69,0.6,0.8,0.84,2.3,0.59,1.1,0.29,0.4,5,0.6,69,1.6,82,66,0.3,0.1,70,,,,,,
,,,,,,,,,,,,,,,,,,,,,,,,,,,,,,,
players,Quincy,Olivari,PG,24,190,198,-1,66,0.5,1.5,0.45,1.7,0.81,2.5,0.35,0.2,6,0.8,80,0.5,86,69,0.2,0,76,,,,,,
,,,,,,,,,,,,,,,,,,,,,,,,,,,,,,,
players,Elfrid,Payton,PG,30,190,195,-1,70,2.9,0.6,0.5,6.4,0.51,0.1,0.28,0.7,30,2.7,75,6.9,84,67,1.4,0.4,77,,,,,,
,,,,,,,,,,,,,,,,,,,,,,,,,,,,,,,
players,Jason,Preston,PG,25,193,187,-1,55,0.3,0.1,0.5,1.9,0.48,1,0.23,0.9,2,1.5,70,1.9,59,63,0.2,0,68,,,,,,
,,,,,,,,,,,,,,,,,,,,,,,,,,,,,,,
players,Isaiah,Thomas,PG,35,175,185,-1,70,2,4.8,0.87,1,0.48,0.7,0.5,0.5,66,1.9,70,2.5,88,63,0.8,0.1,69,,,,,,
,,,,,,,,,,,,,,,,,,,,,,,,,,,,,,,
players,Amari,Bailey,SG,20,196,185,-1,67,0.4,0.7,0.85,1.6,0.43,0.8,0.12,0.6,3,0.9,68,0.7,80,65,0.3,0,65,,,,,,
,,,,,,,,,,,,,,,,,,,,,,,,,,,,,,,
players,Jules,Bernard,SG,25,201,210,-1,57,0.4,0.5,0.55,1.8,0.51,1.5,0.37,0.5,4,0.8,65,0.8,75,65,0.2,0.1,64,,,,,,
,,,,,,,,,,,,,,,,,,,,,,,,,,,,,,,
players,Buddy,Boeheim,SG,25,198,205,-1,60,0.5,1,0.83,1,0.33,2.5,0.32,0.3,4,0.7,59,0.3,75,63,0.1,0.1,67,,,,,,
,,,,,,,,,,,,,,,,,,,,,,,,,,,,,,,
players,James,Bouknight,SG,24,196,190,-1,60,0.6,0.8,0.76,0.9,0.45,2.1,0.43,0.1,8,0.6,70,0.9,70,72,0.4,0.1,72,,,,,,
,,,,,,,,,,,,,,,,,,,,,,,,,,,,,,,
players,Charlie,Brown Jr.,SG,28,198,199,-1,65,0.3,0.5,0.92,1.3,0.32,1,0.22,0.1,5,0.2,71,0.3,68,65,0.3,0.2,68,,,,,,
,,,,,,,,,,,,,,,,,,,,,,,,,,,,,,,
players,Javon,Freeman-Liberty,SG,25,193,180,-1,61,1.1,1.6,0.91,3.7,0.54,1.9,0.23,0.7,7,2.5,68,1.8,70,63,0.5,0.2,70,,,,,,
,,,,,,,,,,,,,,,,,,,,,,,,,,,,,,,
players,Andrew,Funk,SG,25,196,200,-1,60,1,0.5,0.5,0.7,0.52,0.6,0.3,0.2,2,0.3,59,0.3,63,62,0.2,0.2,65,,,,,,
,,,,,,,,,,,,,,,,,,,,,,,,,,,,,,,
players,Kevin,Harris,SG,27,196,216,-1,57,0.5,0.9,0.75,1.5,0.66,1.2,0.37,0.1,3,1,61,0.5,65,60,0.5,0.1,60,,,,,,
,,,,,,,,,,,,,,,,,,,,,,,,,,,,,,,
players,Victor,Oladipo,SG,32,190,214,-1,70,2.1,1.9,0.74,4.5,0.47,5,0.33,0.4,40,2.7,66,3.5,70,62,1.4,0.3,70,,,,,,
,,,,,,,,,,,,,,,,,,,,,,,,,,,,,,,
players,Joshua,Primo,SG,22,198,190,-1,66,2,1.2,0.75,1,0.5,0.5,0.3,0.5,19,1.6,69,1.8,80,69,0.4,0.5,68,,,,,,
,,,,,,,,,,,,,,,,,,,,,,,,,,,,,,,
players,Thanasis,Antetokounmpo,SF,32,201,219,-1,60,1.1,0.1,0.52,0.9,0.55,0.3,0.14,0.6,40,0.9,68,0.6,76,50,0.2,0.1,66,IH,,,,,
,,,,,,,,,,,,,,,,,,,,,,,,,,,,,,,
players,Oshae,Brissett,SF,26,201,210,-1,60,0.4,1.5,0.6,1.8,0.54,1,0.27,1.1,9,1.8,66,0.8,70,63,0.3,0.1,70,,,,,,
,,,,,,,,,,,,,,,,,,,,,,,,,,,,,,,
players,Reggie,Bullock,SF,33,198,205,-1,63,0.2,0.6,0.82,0.3,0.46,1.5,0.4,0.1,45,1.5,69,0.3,70,61,0.3,0.1,74,,,,,,
,,,,,,,,,,,,,,,,,,,,,,,,,,,,,,,
players,Torrey,Craig,SF,34,201,221,-1,72,0.6,0.4,0.75,1.1,0.7,3.9,0.42,0.9,50,2.8,70,0.6,82,65,0.2,0.1,73,,,,,,
,,,,,,,,,,,,,,,,,,,,,,,,,,,,,,,
players,Justin,Holiday,SF,35,198,180,-1,70,0.2,0.1,0.75,1,0.56,2.3,0.45,0.2,54,1.2,71,1.2,79,65,0.6,0.2,70,,,,,,
,,,,,,,,,,,,,,,,,,,,,,,,,,,,,,,
players,Danuel,House Jr.,SF,31,198,220,-1,68,0.6,1.4,0.76,1.6,0.58,1.5,0.3,0.5,30,1.2,89,0.8,82,69,0.4,0.1,72,,,,,,
,,,,,,,,,,,,,,,,,,,,,,,,,,,,,,,
players,Keyonte,Johnson,SF,24,196,230,-1,64,0.4,0.4,0.4,1.4,0.3,0.3,0.33,0.4,26,0.7,76,0.4,70,61,0.1,0,68,,,,,,
,,,,,,,,,,,,,,,,,,,,,,,,,,,,,,,
players,Alex,Fudge,SF,21,203,200,-1,71,0.5,0.3,1,3,0.66,1.5,0.33,1,16,1.5,76,0.2,77,68,0.5,0,70,,,,,,
,,,,,,,,,,,,,,,,,,,,,,,,,,,,,,,
players,Nassir,Little,SF,24,196,220,-1,68,0.3,0.4,0.85,1.2,0.66,1.6,0.3,0.3,37,1.4,80,0.5,72,65,0.2,0.2,81,,,,,,
,,,,,,,,,,,,,,,,,,,,,,,,,,,,,,,
players,Kevin,Knox,SF,25,201,215,-1,64,0.7,0.7,0.9,3,0.59,3,0.33,0.6,23,1.8,76,0.7,85,67,0.4,0.2,80,,,,,,
,,,,,,,,,,,,,,,,,,,,,,,,,,,,,,,
players,Jaeln,McDaniels,SF,27,206,205,-1,71,0.6,0.7,0.73,2.4,0.44,1.4,0.32,0.4,35,1.6,79,0.7,78,69,0.4,0.1,74,,,,,,
,,,,,,,,,,,,,,,,,,,,,,,,,,,,,,,
players,Wesley,Mathew,SF,38,196,220,-1,65,0.2,0.7,0.75,0.8,0.35,1.9,0.34,0.3,62,1.2,78,0.6,81,64,0.4,0.2,67,,,,,,
,,,,,,,,,,,,,,,,,,,,,,,,,,,,,,,
players,Juan,Toscano-Anderaon,SF,31,198,209,-1,66,0.2,0.6,0.64,0.7,0.6,0.4,0.32,0.4,38,0.9,71,0.4,79,65,0.1,0.2,74,,,,,,
,,,,,,,,,,,,,,,,,,,,,,,,,,,,,,,
players,Keita,Bates-Diop,PF,29,203,229,-1,64,0.5,0.4,0.75,0.8,0.54,0.4,0.33,0.1,30,2.3,62,0.9,75,67,0.5,0.3,68,,,,,,
,,,,,,,,,,,,,,,,,,,,,,,,,,,,,,,
players,Robert,Covington,PF,34,201,209,-1,68,0.4,0.9,0.87,1.6,0.56,1.8,0.45,1.1,48,3.4,77,0.7,86,65,1.3,0.6,74,,,,,,
,,,,,,,,,,,,,,,,,,,,,,,,,,,,,,,
players,Marcus,Morries,PF,35,203,218,-1,62,0.9,0.7,0.62,2.5,0.46,2.4,0.41,0.4,60,1.7,72,0.8,81,62,0.2,0.2,72,,,,,,
,,,,,,,,,,,,,,,,,,,,,,,,,,,,,,,
players,Thaddeus,Young,PF,36,203,235,-1,66,0.4,0.3,0.66,2,0.52,0.1,0.32,1.7,31,1.1,70,0.7,78,60,0.5,0.2,74,,,,,,
,,,,,,,,,,,,,,,,,,,,,,,,,,,,,,,
players,Isaiah,Mobley,PF,25,203,240,-1,67,0.2,0.1,0.8,1.4,0.5,1,0.41,0.3,19,0.7,72,0.6,71,65,0.2,0,72,,,,,,
,,,,,,,,,,,,,,,,,,,,,,,,,,,,,,,
players,Terry,Taylor,PF,25,196,230,-1,63,0.2,0.2,0.8,1,0.6,0.3,0.28,0.5,21,0.6,71,0.3,76,66,0.2,0.1,69,,,,,,
,,,,,,,,,,,,,,,,,,,,,,,,,,,,,,,
players,M,Bamba,C,26,213,231,-1,65,0.7,0.9,0.68,1.9,0.62,1.8,0.3,0.9,31,3.4,68,0.6,81,70,0.3,1,75,,,,,,
,,,,,,,,,,,,,,,,,,,,,,,,,,,,,,,
players,Bismack,Biyombo,C,32,203,255,-1,70,0.4,0.8,0.5,1.2,0.58,0,0,0.5,37,1.3,67,0.2,75,60,0.1,0.3,71,,,,,,
,,,,,,,,,,,,,,,,,,,,,,,,,,,,,,,
players,Robin,Lopez,C,36,216,281,-1,80,0.1,1.8,0.74,0.7,0.45,0.5,0.25,0.2,50,0.1,69,0.3,78,55,0.2,0.1,67,,,,,,
,,,,,,,,,,,,,,,,,,,,,,,,,,,,,,,
players,Montrezl,Harrell,C,31,201,240,-1,71,0.6,1.8,0.69,3.6,0.61,0.1,0.1,1.2,45,1.6,77,0.6,79,70,0.3,0.4,82,,,,,,
,,,,,,,,,,,,,,,,,,,,,,,,,,,,,,,
players,Justin,Anderson,SF,31,198,230,-1,69,0.9,2.3,0.78,2.2,0.63,2.7,0.3,1,39,2.7,66,1.1,65,64,0.8,0.5,74,,,,,,
,,,,,,,,,,,,,,,,,,,,,,,,,,,,,,,
players,Michael,Beasley,PF,36,206,235,-1,67,2.2,3.4,0.76,7.2,0.46,2.2,0.35,1.6,44,4.2,59,2.2,60,66,1,0.8,70,,,,,,
,,,,,,,,,,,,,,,,,,,,,,,,,,,,,,,
players,Lance,Stephenson,SF,34,198,230,-1,74,1.5,2.1,0.7,5.4,0.42,2.6,0.37,0.8,66,3.3,70,4,60,64,1,0.3,80,,,,,,
,,,,,,,,,,,,,,,,,,,,,,,,,,,,,,,
,,,,,,,,,,,,,,,,,,,,,,,,,,,,,,,
,,,,,,,,,,,,,,,,,,,,,,,,,,,,,,,
,,,,,,,,,,,,,,,,,,,,,,,,,,,,,,,
,,,,,,,,,,,,,,,,,,,,,,,,,,,,,,,
Rookies,Cooper,Flagg,PF,19,210,205,-3,84,2,6.7,0.8,9.8,0.53,3.9,0.34,1.5,51,6.4,82,4.2,82,95,1.5,1.2,86,USA,Newport,Maine,",",,
,,,,,,,,,,,,,,,,,,,,,,,,,,,,,,,
Rookies,Dylan,Harper,PG,20,198,215,-3,71,2.2,5.6,0.7,8.5,0.57,4.8,0.33,1,40,3.8,85,4.1,78,93,1.1,0.5,86,USA,Franklin Lakes,New Jersey,",",,
,,,,,,,,,,,,,,,,,,,,,,,,,,,,,,,
Rookies,Airious,Bailey,SF,19,208,200,-3,83,2.2,4.3,0.67,11.2,0.5,5.2,0.38,2.1,45,5.7,81,1,80,91,1.1,1.4,86,USA,Chattanooga,Tennessee,",",,
,,,,,,,,,,,,,,,,,,,,,,,,,,,,,,,
Rookies,V.J.,Edgecombe,SG,20,196,180,-3,82,2,3.5,0.77,7.2,0.47,4.6,0.39,1.9,39,3.4,80,3.2,82,90,2.3,0.7,85,Bahamas,,Bimini,",",,
,,,,,,,,,,,,,,,,,,,,,,,,,,,,,,,
Rookies,Kasparas,Jakucionis,PG,19,198,205,-3,74,3.7,5.2,0.83,5,0.59,5.2,0.35,1.1,30,4.7,81,5.5,83,90,1.1,0.2,85,Lithuania,,Vilnius,",",,
,,,,,,,,,,,,,,,,,,,,,,,,,,,,,,,
Rookies,Tre,Johnson,SG,19,198,190,-3,72,1.6,3.5,0.88,8.4,0.5,6.5,0.37,0.2,25,2.6,80,2.3,81,90,1,0.2,85,USA,Garland,Texas,",",,
,,,,,,,,,,,,,,,,,,,,,,,,,,,,,,,
Rookies,Kon,Knueppel,SG,20,202,217,-3,70,1.3,2.6,0.87,3.9,0.54,6.2,0.37,0.8,20,3.8,81,2.7,79,90,0.8,0.2,85,USA,Milwauke,Wisconsin,",",,
,,,,,,,,,,,,,,,,,,,,,,,,,,,,,,,
Rookies,Egor,Demin,SG,20,206,190,-3,71,2.9,2.9,0.64,4.6,0.56,4.6,0.28,0.4,23,4,80,5.7,80,90,1.3,0.6,85,Russia,,Moscow,",",,
,,,,,,,,,,,,,,,,,,,,,,,,,,,,,,,
Rookies,Jeremiah,Fears,PG,19,193,182,-3,71,3.7,5.8,0.84,7.5,0.53,3.5,0.27,0.7,19,3.1,78,4.2,82,89,1.8,0.1,84,USA,Joliet,Illinios,",",,
,,,,,,,,,,,,,,,,,,,,,,,,,,,,,,,
Rookies,Asa,Newell,PF,20,211,220,-3,74,1,3.4,0.74,8.7,0.62,2.3,0.26,3.4,17,7,77,1,83,89,1.2,1.1,84,USA,Destin,Florida,",",,
,,,,,,,,,,,,,,,,,,,,,,,,,,,,,,,
Rookies,Ben,Saraf,SG,19,196,200,-3,71,2.5,3.1,0.78,8.8,0.48,2.8,0.22,0.6,12,1.6,79,4.6,83,89,1.3,0.1,84,Israel,,Gan Yoshiya,",",,
,,,,,,,,,,,,,,,,,,,,,,,,,,,,,,,
Rookies,Khaman,Maluach,C,19,218,250,-3,76,0.7,2.1,0.77,4,0.79,0.3,0.14,2.5,10,3.7,75,0.3,80,89,0.2,1.1,84,South Sudan,,Rumbek,",",,
,,,,,,,,,,,,,,,,,,,,,,,,,,,,,,,
Rookies,Collin,Murray-Boyles,PF,20,201,231,-3,78,2.8,5,0.66,9.1,0.64,0.9,0.25,2.5,9,6.4,77,2.5,81,89,1.6,1.4,84,Columbia,,South Carolina,",",,
,,,,,,,,,,,,,,,,,,,,,,,,,,,,,,,
Rookies,Nolan,Traore,SG,19,192,175,-3,67,2.3,3.1,0.7,5.8,0.39,4.4,0.26,0.6,10,1.2,85,5.1,84,89,0.7,0.7,84,France,,Creteil,",",,
,,,,,,,,,,,,,,,,,,,,,,,,,,,,,,,
Rookies,Liam,McNeeley,PF,19,201,210,-3,63,1.4,4.3,0.85,4.8,0.47,4.7,0.37,1,13,4.8,82,2.6,82,89,0.4,0.4,84,USA,Richardson,Texas,",",,
,,,,,,,,,,,,,,,,,,,,,,,,,,,,,,,
Rookies,Noa,Essengue,SF,18,208,194,-3,70,1,5.6,0.73,5.1,0.65,1.9,0.29,1.2,9,4.1,80,1.1,80,89,1.4,0.6,84,France,,Orleans,",",,
,,,,,,,,,,,,,,,,,,,,,,,,,,,,,,,
Rookies,Hugo,Gonzalez,SF,19,201,207,-3,62,0.8,1.3,0.7,2.1,0.58,1.9,0.45,0.7,7,1.7,79,0.9,78,86,0.3,0.4,83,Spain,,Madrid,",",,
,,,,,,,,,,,,,,,,,,,,,,,,,,,,,,,
Rookies,Derik,Queen,C,21,208,246,-3,80,2.3,4.9,0.75,9.5,0.58,1,0.09,2.2,10,6.1,77,2,75,86,1.2,1,83,USA,Baltimore,Maryland,",",,
,,,,,,,,,,,,,,,,,,,,,,,,,,,,,,,
Rookies,Labaron,Philon,PG,20,193,177,-3,66,1.6,2.6,0.73,5.3,0.55,3.3,0.27,1.2,9,2.2,80,3.5,79,86,1.1,0.3,83,USA,Mobile,Alabama,",",,
,,,,,,,,,,,,,,,,,,,,,,,,,,,,,,,
Rookies,Sergio,Da Larrea,F,20,201,198,-3,60,0.8,1.3,0.7,2.1,0.58,1.9,0.32,0.7,7,1.7,79,0.9,76,86,0.3,0.4,83,Spain,,Valencia,",",,
,,,,,,,,,,,,,,,,,,,,,,,,,,,,,,,
Rookies,Thomas ,Sober,PF,20,208,255,-3,82,2.3,4.6,0.73,9,0.58,1.6,0.16,2.7,11,5.9,80,2.5,81,86,1.6,2.2,83,USA,Trenton,New Jersey,",",,
,,,,,,,,,,,,,,,,,,,,,,,,,,,,,,,
Rookies,Kameron,Jones,SG,23,193,185,-3,68,1.8,2.8,0.67,10.2,0.57,5.3,0.31,0.7,12,3.7,81,6,85,86,1.6,0.2,83,USA,Cordova,Tennessee,",",,
,,,,,,,,,,,,,,,,,,,,,,,,,,,,,,,
Rookies,Ian,Jackson,SG,20,193,190,-3,61,1.1,3.1,0.75,6,0.56,4.6,0.37,0.5,13,2.9,80,1,81,86,0.6,0.2,83,USA,Bronx,New Jersey,",",,
,,,,,,,,,,,,,,,,,,,,,,,,,,,,,,,
Rookies,Boogie,Flan,PG,19,188,210,-3,66,1.6,3.4,0.83,7.7,0.41,5.3,0.36,0.5,11,3.4,78,5.7,80,86,1.5,0.1,83,USA,Bronx,New Jersey,",",,
,,,,,,,,,,,,,,,,,,,,,,,,,,,,,,,
Rookies,Adou,Thiero,SF,21,198,200,-3,77,1.8,6.9,0.69,8,0.64,1.6,0.23,1.9,16,4.4,79,1.8,82,83,1.8,0.9,82,USA,Leetsdale,Pennsylvania,",",,
,,,,,,,,,,,,,,,,,,,,,,,,,,,,,,,
Rookies,Rasheer,Fleming,PF,20,206,220,-3,80,1.7,3.5,0.68,6,0.64,4.1,0.4,2.2,12,7,82,1.4,85,83,1.4,1.5,82,USA,Camden,New Jersey,",",,
,,,,,,,,,,,,,,,,,,,,,,,,,,,,,,,
Rookies,Noah,Penda,SF,20,198,240,-3,76,1.7,3.2,0.72,4.9,0.52,3,0.27,1.7,6,3.8,79,2.5,80,83,1.6,0.6,82,France,,France,",",,
,,,,,,,,,,,,,,,,,,,,,,,,,,,,,,,
Rookies,Danny,Wolf,C,21,213,255,-3,71,3.5,3.4,0.6,6,0.58,3,0.36,2.1,12,7.9,76,3.6,81,83,0.9,1.6,82,USA,Glencoe,Illinois,",",,
,,,,,,,,,,,,,,,,,,,,,,,,,,,,,,,
Rookies,Jase,Richardson,SG,18,190,185,-3,65,1.4,2.4,0.86,4,0.59,2.1,0.4,0.3,7,2,78,2,83,83,0.8,0.1,82,USA,Colorado,Denver,",",,
,,,,,,,,,,,,,,,,,,,,,,,,,,,,,,,
Rookies,Johni,Broome,PF,23,208,235,-3,85,1.4,4.7,0.63,11.4,0.56,2.5,0.3,3.8,12,7.2,79,3.2,86,83,0.9,2.8,82,USA,Plant City,Florida,",",,
,,,,,,,,,,,,,,,,,,,,,,,,,,,,,,,
Rookies,Will,Riley,SG,19,203,195,-3,60,1.1,3.6,0.69,5.2,0.44,4.2,0.33,1.2,8,2.4,80,1.8,78,83,0.2,0.2,82,Canada,,Kitchener,",",,
,,,,,,,,,,,,,,,,,,,,,,,,,,,,,,,
Rookies,Alex,Karaban,PF,23,203,210,-3,74,1.4,3.2,0.81,5.2,0.51,6.3,0.37,1.7,7,3.4,76,3.2,85,83,0.7,1.8,82,USA,Southborough,Massachusettes,",",,
,,,,,,,,,,,,,,,,,,,,,,,,,,,,,,,
Rookies,Drake,Powell,SG,20,198,195,-3,65,0.9,1.2,0.67,3,0.56,2.6,0.47,0.5,5,3,74,0.8,76,80,0.7,0.6,81,USA,Pittsboro,North Carolina,",",,
,,,,,,,,,,,,,,,,,,,,,,,,,,,,,,,
Rookies,Rocco,Zikarsky,C,19,218,227,-3,71,0.9,1.2,0.67,3,0.56,2.6,0.37,0.5,3,3,77,0.8,80,80,0.7,0.6,81,New Zealand,,Sunshine Coast,",",,
,,,,,,,,,,,,,,,,,,,,,,,,,,,,,,,
Rookies,Carter,Bryant,SF,20,203,225,-3,70,0.8,1.4,0.6,1.9,0.68,2.5,0.38,0.7,6,2.6,75,1,76,80,1,0.9,81,USA,Riverside,California,",",,
,,,,,,,,,,,,,,,,,,,,,,,,,,,,,,,
Rookies,Darrion,Williams,SF,22,198,210,-3,68,2.2,3.8,0.83,8.3,0.49,3.4,0.32,1.8,5,5.5,75,4.2,77,80,1.2,0.5,81,USA,Las Vegas,Nevada,",",,
,,,,,,,,,,,,,,,,,,,,,,,,,,,,,,,
Rookies,Miles,Byrd,SG,21,201,175,-3,80,1.5,3.3,0.85,5.1,0.44,5.9,0.36,0.9,8,3.4,79,2.6,78,80,2,1,81,USA,Stockton,California,",",,
,,,,,,,,,,,,,,,,,,,,,,,,,,,,,,,
Rookies,Ryan,Kalkbrenner,C,24,213,235,-3,88,1.2,5.1,0.72,9.5,0.71,1.7,0.4,2.4,5,6.2,74,1.5,84,80,0.8,2.7,81,USA,St. Louis,Missouri,",",,
,,,,,,,,,,,,,,,,,,,,,,,,,,,,,,,
Rookies,Nique,Cliffrod,SG,24,196,175,-3,64,2.7,4,0.74,8.2,0.58,5,0.32,1.5,9,8.2,76,4.2,84,80,1.1,0.6,81,USA,Colorado Springs,Colorado,",",,
,,,,,,,,,,,,,,,,,,,,,,,,,,,,,,,
Rookies,JoJo,Tugler,PF,20,201,230,-3,82,1.1,2.2,0.55,4.1,0.53,0.4,0.33,2.9,4,3,77,3,80,80,0.9,2.3,81,USA,Houston,Texas,",",,
,,,,,,,,,,,,,,,,,,,,,,,,,,,,,,,
Rookies,Dink,Pink,SF,19,203,210,-3,60,1.9,1.3,0.76,7.7,0.43,4.4,0.25,0.7,10,6.2,76,2.2,82,80,0.9,0.1,81,USA,Dallas,Texas,",",,
,,,,,,,,,,,,,,,,,,,,,,,,,,,,,,,
Rookies,JT,Toppin,PF,20,206,210,-3,80,2.3,3.6,0.7,9.8,0.58,1.1,0.25,2.9,7,5.5,78,1.1,79,80,0.8,1.1,81,USA,Dallas,Texas,",",,
,,,,,,,,,,,,,,,,,,,,,,,,,,,,,,,
Rookies,Micheal,Ruzic,PF,19,203,220,-3,60,0.3,1.7,0.4,1.3,0.5,1.5,0.33,0.5,8,1.8,79,0.3,76,77,0.5,0.3,80,Croatia,,Zadar,",",,
,,,,,,,,,,,,,,,,,,,,,,,,,,,,,,,
Rookies,Alex,Toohey,SF,21,201,223,-3,83,1.6,4.4,0.71,8.8,5.2,4.5,0.31,1.9,15,4.1,83,2.1,85,86,2.3,1.3,80,Australia,,Sydney,",",,
,,,,,,,,,,,,,,,,,,,,,,,,,,,,,,,
Rookies,Bogoljub,Markovic,PF,20,206,190,-3,60,2.9,4.8,0.8,6.3,0.55,2.5,0.38,2,10,6.4,81,2.8,80,83,0.8,0.7,80,Serbia,,Uzise,",",,
,,,,,,,,,,,,,,,,,,,,,,,,,,,,,,,
Rookies,Chaz,Lanier,SG,24,193,175,-3,63,1.1,2.4,0.8,6.3,0.4,8.3,0.42,0.5,3,0.5,82,2.9,83,77,1,0.1,80,USA,Nashville,Tennessee,",",,
,,,,,,,,,,,,,,,,,,,,,,,,,,,,,,,
Rookies,KJ,Lewis,SG,21,193,205,-3,64,2.2,3.6,0.86,5.6,0.53,1.7,0.18,1.3,5,3.2,78,3.3,80,77,1.4,0.8,80,USA,El Paso,Texas,",",,
,,,,,,,,,,,,,,,,,,,,,,,,,,,,,,,
Rookies,Mackenze,Mgbako,SF,21,203,217,-3,60,1.5,2.3,0.86,5.7,0.55,4.7,0.34,1.1,8,3.6,73,1.2,76,77,0.3,0.5,80,USA,Gladstone,New Jersey,",",,
,,,,,,,,,,,,,,,,,,,,,,,,,,,,,,,
Rookies,Joan,Beringer,C,18,206,230,-3,81,0.5,1,0.68,3,0.57,0,0,1.1,3,2.4,76,0.4,77,77,0.5,1.4,80,France,,Strasbourg,",",,
,,,,,,,,,,,,,,,,,,,,,,,,,,,,,,,
Rookies,Tyrese,Proctor,PG,21,196,175,-3,60,1.1,1.8,0.75,3.3,0.43,5.7,0.38,0.6,5,2.9,85,2.2,82,77,0.7,0.1,80,Australia,,Sydney,",",,
,,,,,,,,,,,,,,,,,,,,,,,,,,,,,,,
Rookies,Johann,Grünloh,C,20,206,220,-3,67,0.5,1.5,0.66,2.5,0.55,0,0,1,2,3,75,1,77,77,0.5,0.5,80,Germany,,Löningen,",",,
,,,,,,,,,,,,,,,,,,,,,,,,,,,,,,,
Rookies,Maxine,Raynaud,C,22,216,235,-3,80,2.3,4.3,0.77,10.3,0.55,5.4,0.33,3.3,3,3.3,80,1.9,82,86,1.1,1,80,France,,Paris,",",,
,,,,,,,,,,,,,,,,,,,,,,,,,,,,,,,
Rookies,Hunter,Sallis,PG,22,196,175,-3,66,2.6,3.7,0.82,9.4,0.57,5,0.3,0.4,7,4.3,85,2.7,76,77,1.3,0.6,80,USA,Omaha,Nebraska,",",,
,,,,,,,,,,,,,,,,,,,,,,,,,,,,,,,
Rookies,Xaivian,Lee,PG,21,190,180,-3,66,2.1,4.2,0.75,8.7,0.47,4.7,0.35,0.9,5,4.8,80,5.4,78,77,1.2,0.3,80,Canada,,Toronto,",",,
,,,,,,,,,,,,,,,,,,,,,,,,,,,,,,,
Rookies,Donnie,Freeman,PF,20,206,205,-3,60,1.8,3.5,0.79,7.1,0.56,2.6,0.33,1.1,7,6.9,78,1.4,77,77,0.4,0.4,80,USA,Buford,Georgia,",",,
,,,,,,,,,,,,,,,,,,,,,,,,,,,,,,,
Rookies,Tomislav,Ivisic,C,22,216,255,-3,78,1.3,1.8,0.75,5.5,0.62,4.5,0.33,2,2,6.6,72,2,80,74,0.7,1.2,79,Croatia,,Vodice,",",,
,,,,,,,,,,,,,,,,,,,,,,,,,,,,,,,
Rookies,Tucker,DeVries,SG,23,201,210,-3,79,1.9,3.5,0.82,3.8,0.3,6.9,0.47,0.6,3,4.3,74,2.8,74,74,1.8,1.5,79,USA,Waukee,Iowa,",",,
,,,,,,,,,,,,,,,,,,,,,,,,,,,,,,,
Rookies,Jamir,Watkins,SF,24,201,210,-3,76,2.9,7.6,0.75,7.4,0.48,5.1,0.35,1.1,2,4.1,78,2.3,79,74,1.4,0.6,79,USA,Trenton,New Jersey,",",,
,,,,,,,,,,,,,,,,,,,,,,,,,,,,,,,
Rookies,Payton,Sandfort,SF,23,201,215,-3,64,2,3.3,0.87,5.6,0.49,7.5,0.34,1.1,2,4.6,75,3,75,74,0.8,0.7,79,USA,Waukee,Iowa,",",,
,,,,,,,,,,,,,,,,,,,,,,,,,,,,,,,
Rookies,Sion,James,SG,22,196,185,-3,63,1.2,2.1,0.78,3.6,0.58,1.8,0.38,0.7,3,4.1,70,3.1,73,74,1.1,0.4,79,USA,Michigan,Michigan,",",,
,,,,,,,,,,,,,,,,,,,,,,,,,,,,,,,
Rookies,Caleb,Love,SG,23,193,195,-3,62,1.8,2.8,0.86,6.5,0.47,8,0.32,0.5,6,4,71,3.2,79,74,1.5,0.4,79,USA,St. Louis,Missouri,",",,
,,,,,,,,,,,,,,,,,,,,,,,,,,,,,,,
Rookies,David,Duke,PG,20,196,200,-3,63,2.4,3.2,0.75,4.9,0.39,2.7,0.37,0.4,12,2.9,64,2.7,53,67,1.1,0.2,72,USA,Providence,Providence,R,,
,,,,,,,,,,,,,,,,,,,,,,,,,,,,,,,
Rookies,Malcolm,Cazalon,SG,18,198,185,-3,64,1.6,3.2,0.79,6.2,0.38,2.3,0.31,0.4,10,4.2,62,3.2,50,68,1.4,0.4,70,France,,Leuven,R,,
,,,,,,,,,,,,,,,,,,,,,,,,,,,,,,,
Rookies,Mustapha,Heron,SG,22,196,220,-3,63,2.1,3.3,0.79,5.1,0.41,3.5,0.35,0.8,12,3.2,64,1.8,59,65,0.7,0.1,67,USA,St Johns,St Johns,R,,
,,,,,,,,,,,,,,,,,,,,,,,,,,,,,,,
Rookies,Jordan,Bowden,SG,23,196,185,-3,64,1.4,2.5,0.8,3.7,0.42,3.5,0.34,0.4,10,2.2,63,1.6,54,67,0.7,0.1,68,USA,Tennessee,Tennesse,R,,
,,,,,,,,,,,,,,,,,,,,,,,,,,,,,,,
,,,,,,,,,,,,,,,,,,,,,,,,,,,,,,,
,,,,,,,,,,,,,,,,,,,,,,,,,,,,,,,
,,,,,,,,,,,,,,,,,,,,,,,,,,,,,,,
,,,,,,,,,,,,,,,,,,,,,,,,,,,,,,,
,,,,,,,,,,,,,,,,,,,,,,,,,,,,,,,
,Team ID,First,Last,Age,Position,Authority,Expectation,Personality,ShotSelection,BallMovement,Rebounding,Defence,Structure,DevShot,DevBallMovement,DevRebounding,DevDefence,DevFitness,FindTalent,FindPotential,Persuasion,Dedication,Desire,Potential,,,,,,,
,,,,,,,,,,,,,,,,,,,,,,,,,,,,,,,
Coaches,0,Quin,Synder,58,HC,68,57,76,61,76,72,77,57,60,68,55,62,41,23,34,67,100,84,75,,,,,,,
,,,,,,,,,,,,,,,,,,,,,,,,,,,,,,,
Coaches,1,Joe,Mazzulla,36,HC,78,69,65,64,81,65,63,82,62,76,75,64,57,43,30,78,87,90,83,,,,,,,
,,,,,,,,,,,,,,,,,,,,,,,,,,,,,,,
Coaches,2,Jordi,Fernandez,42,HC,60,38,72,60,68,60,65,60,53,85,54,66,50,45,67,63,76,89,86,,,,,,,
,,,,,,,,,,,,,,,,,,,,,,,,,,,,,,,
Coaches,3,Charlee,Lee,40,HC,61,61,72,52,74,75,52,100,53,61,80,85,49,55,54,73,80,12,71,,,,,,,
,,,,,,,,,,,,,,,,,,,,,,,,,,,,,,,
Coaches,4,Billy,Donovan,43,HC,66,61,70,54,72,79,69,79,55,80,66,80,56,45,37,80,95,38,64,,,,,,,
,,,,,,,,,,,,,,,,,,,,,,,,,,,,,,,
Coaches,5,Kenny,Atkinson,57,HC,76,71,70,80,73,54,54,78,58,61,52,74,71,68,67,68,73,32,77,,,,,,,
,,,,,,,,,,,,,,,,,,,,,,,,,,,,,,,
Coaches,6,Jason,Kidd,51,HC,68,50,75,50,67,70,63,96,70,60,65,70,60,30,35,80,85,99,72,,,,,,,
,,,,,,,,,,,,,,,,,,,,,,,,,,,,,,,
Coaches,7,Mike,Malone,53,HC,65,62,75,79,81,65,50,65,50,65,40,80,75,65,45,80,70,32,75,,,,,,,
,,,,,,,,,,,,,,,,,,,,,,,,,,,,,,,
Coaches,8,J.B.,Bickerstaff,45,HC,76,74,75,74,59,74,80,88,68,66,64,80,59,32,22,81,78,32,65,,,,,,,
,,,,,,,,,,,,,,,,,,,,,,,,,,,,,,,
Coaches,9,Steve,Kerr,59,HC,87,98,81,88,84,65,81,67,94,91,54,66,79,63,39,75,79,88,88,,,,,,,
,,,,,,,,,,,,,,,,,,,,,,,,,,,,,,,
Coaches,10,Ime,Udoka,47,HC,80,79,65,72,81,65,77,64,63,73,54,36,85,61,65,76,88,47,62,,,,,,,
,,,,,,,,,,,,,,,,,,,,,,,,,,,,,,,
Coaches,11,Rick,Carlise,65,HC,67,59,70,75,72,67,77,77,54,75,58,80,58,51,52,74,82,37,60,,,,,,,
,,,,,,,,,,,,,,,,,,,,,,,,,,,,,,,
Coaches,12,Tyronn,Lue,47,HC,85,74,85,85,72,89,64,85,65,69,73,74,56,44,51,82,90,86,66,,,,,,,
,,,,,,,,,,,,,,,,,,,,,,,,,,,,,,,
Coaches,13,JJ,Reddick,40,HC,80,60,75,60,71,78,54,82,67,69,79,84,65,60,67,86,80,100,73,,,,,,,
,,,,,,,,,,,,,,,,,,,,,,,,,,,,,,,
Coaches,14,Taylor,Jenkins,40,HC,68,62,65,45,68,65,73,86,63,73,54,36,85,61,65,76,88,47,61,,,,,,,
,,,,,,,,,,,,,,,,,,,,,,,,,,,,,,,
Coaches,15,Eric,Spoelstra,54,HC,81,64,80,65,68,84,56,81,62,64,60,71,74,34,49,85,79,35,70,,,,,,,
,,,,,,,,,,,,,,,,,,,,,,,,,,,,,,,
Coaches,16,Doc,Rivers,63,HC,68,57,76,61,76,72,77,57,60,68,55,62,41,23,34,67,100,84,75,,,,,,,
,,,,,,,,,,,,,,,,,,,,,,,,,,,,,,,
Coaches,17,Chris,Finch,44,HC,79,56,70,77,76,79,74,75,55,80,66,80,56,45,37,80,95,38,68,,,,,,,
,,,,,,,,,,,,,,,,,,,,,,,,,,,,,,,
Coaches,18,Willie,Green,46,HC,59,53,85,60,73,84,69,86,73,72,67,79,65,48,43,87,83,77,76,,,,,,,
,,,,,,,,,,,,,,,,,,,,,,,,,,,,,,,
Coaches,19,Tom,Thibodeau,67,HC,59,53,85,60,73,84,69,86,73,72,67,79,65,48,43,87,83,77,76,,,,,,,
,,,,,,,,,,,,,,,,,,,,,,,,,,,,,,,
Coaches,20,Mark,Daigneault,39,HC,72,63,75,62,67,84,72,65,77,73,67,72,58,32,34,76,90,54,67,,,,,,,
,,,,,,,,,,,,,,,,,,,,,,,,,,,,,,,
Coaches,21,Jamahl,Mosley,46,HC,61,61,72,52,74,75,52,100,53,61,80,85,49,55,54,73,80,12,71,,,,,,,
,,,,,,,,,,,,,,,,,,,,,,,,,,,,,,,
Coaches,22,Nick,Nurse,57,HC,59,41,75,51,76,66,81,48,75,73,66,79,49,66,36,85,95,53,76,,,,,,,
,,,,,,,,,,,,,,,,,,,,,,,,,,,,,,,
Coaches,23,Mike,Budenholzer,55,HC,42,42,65,64,63,47,77,61,62,61,53,58,57,72,69,71,80,47,56,,,,,,,
,,,,,,,,,,,,,,,,,,,,,,,,,,,,,,,
Coaches,24,Chauncey,Billups,48,HC,42,42,65,64,63,47,77,61,62,61,53,58,57,72,69,71,80,47,56,,,,,,,
,,,,,,,,,,,,,,,,,,,,,,,,,,,,,,,
Coaches,25,Doug,Christie,54,HC,51,37,75,60,67,61,77,63,68,66,64,80,59,32,22,81,78,32,65,,,,,,,
,,,,,,,,,,,,,,,,,,,,,,,,,,,,,,,
Coaches,26,Gregg,Popovich,76,HC,92,84,41,79,96,81,74,96,70,57,63,66,36,63,30,89,94,87,45,,,,,,,
,,,,,,,,,,,,,,,,,,,,,,,,,,,,,,,
Coaches,27,Darko,Rajakavic,45,HC,76,74,75,74,59,74,80,88,68,66,64,80,59,32,22,81,78,32,65,,,,,,,
,,,,,,,,,,,,,,,,,,,,,,,,,,,,,,,
Coaches,28,Will,Hardy,37,HC,76,73,70,90,88,67,90,79,67,69,76,81,74,67,50,74,83,99,70,,,,,,,
,,,,,,,,,,,,,,,,,,,,,,,,,,,,,,,
Coaches,29,Brian,Keefe,48,HC,74,66,75,85,76,63,84,73,73,66,62,59,67,53,39,74,77,43,86,,,,,,,
,,,,,,,,,,,,,,,,,,,,,,,,,,,,,,,
Coaches,0,Bryan,Bailey,44,AC,55,71,65,56,60,65,74,55,62,51,60,61,90,63,59,68,79,12,75,,,,,,,
,,,,,,,,,,,,,,,,,,,,,,,,,,,,,,,
Coaches,1,Sam,Cassell,55,AC,55,71,65,56,60,65,74,55,62,51,60,61,90,63,59,68,79,12,75,,,,,,,
,,,,,,,,,,,,,,,,,,,,,,,,,,,,,,,
Coaches,2,Travis,Bader,33,AC,60,68,70,57,55,68,68,60,60,51,66,77,69,66,62,67,68,4,70,,,,,,,
,,,,,,,,,,,,,,,,,,,,,,,,,,,,,,,
Coaches,3,Jermaine,Bucknor,41,AC,65,60,70,67,68,63,69,60,67,62,60,63,52,59,57,68,73,64,60,,,,,,,
,,,,,,,,,,,,,,,,,,,,,,,,,,,,,,,
Coaches,4,John,Bryant,40,AC,70,61,85,53,57,86,80,65,62,57,76,83,70,50,60,69,84,36,75,,,,,,,
,,,,,,,,,,,,,,,,,,,,,,,,,,,,,,,
Coaches,5,Johnnie,Bryant,39,AC,55,70,55,52,54,63,70,63,62,62,60,66,98,61,60,64,63,74,90,,,,,,,
,,,,,,,,,,,,,,,,,,,,,,,,,,,,,,,
Coaches,6,Darrell,Armstrong,56,AC,65,80,55,68,73,60,64,75,53,73,56,63,67,53,59,58,89,38,55,,,,,,,
,,,,,,,,,,,,,,,,,,,,,,,,,,,,,,,
Coaches,7,David,Adelman,43,AC,55,57,65,59,64,48,54,55,52,71,46,55,76,79,53,59,58,53,65,,,,,,,
,,,,,,,,,,,,,,,,,,,,,,,,,,,,,,,
Coaches,8,Jerome,Allen,52,AC,55,57,65,59,64,48,54,55,52,71,46,55,76,79,53,59,58,53,65,,,,,,,
,,,,,,,,,,,,,,,,,,,,,,,,,,,,,,,
Coaches,9,Terry,Stotts,67,AC,70,52,80,79,82,62,64,53,81,90,57,67,81,53,67,67,79,48,75,,,,,,,
,,,,,,,,,,,,,,,,,,,,,,,,,,,,,,,
Coaches,10,Josh,Bostic,37,AC,65,56,65,57,59,51,85,62,48,54,55,82,73,66,54,76,73,38,72,,,,,,,
,,,,,,,,,,,,,,,,,,,,,,,,,,,,,,,
Coaches,11,Lloyd,Pierce,48,AC,50,56,55,53,62,55,56,46,52,62,48,62,61,53,66,62,58,66,69,,,,,,,
,,,,,,,,,,,,,,,,,,,,,,,,,,,,,,,
Coaches,12,Jeff,Van Gundy,63,AC,70,56,70,61,69,67,83,68,54,75,58,80,58,51,52,74,82,37,60,,,,,,,
,,,,,,,,,,,,,,,,,,,,,,,,,,,,,,,
Coaches,13,Scott,Brooks,59,AC,70,68,75,70,84,53,57,59,70,74,51,62,54,50,54,65,65,58,80,,,,,,,
,,,,,,,,,,,,,,,,,,,,,,,,,,,,,,,
Coaches,14,Anthony,Carter,49,AC,80,70,55,72,78,53,53,50,71,72,52,54,68,61,58,53,63,35,55,,,,,,,
,,,,,,,,,,,,,,,,,,,,,,,,,,,,,,,
Coaches,15,Chris,Quinn,41,AC,80,70,55,72,78,53,53,50,71,72,52,54,68,61,58,53,63,35,55,,,,,,,
,,,,,,,,,,,,,,,,,,,,,,,,,,,,,,,
Coaches,16,Darvin,Ham,51,AC,60,61,70,53,54,64,54,58,62,67,65,68,73,63,67,75,84,28,90,,,,,,,
,,,,,,,,,,,,,,,,,,,,,,,,,,,,,,,
Coaches,17,Micah,Nori,42,AC,60,64,80,54,78,54,68,54,58,78,52,66,70,72,70,69,79,25,77,,,,,,,
,,,,,,,,,,,,,,,,,,,,,,,,,,,,,,,
Coaches,18,James,Borrego,47,AC,70,69,70,58,68,53,62,67,73,80,57,64,67,58,67,65,78,69,75,,,,,,,
,,,,,,,,,,,,,,,,,,,,,,,,,,,,,,,
Coaches,19,Rick,Brunson,52,AC,60,70,75,54,58,49,53,59,77,83,48,69,71,65,62,69,78,67,88,,,,,,,
,,,,,,,,,,,,,,,,,,,,,,,,,,,,,,,
Coaches,20,David,Akinyooye,35,AC,60,55,65,54,49,64,58,54,64,52,72,71,68,62,68,62,79,73,64,,,,,,,
,,,,,,,,,,,,,,,,,,,,,,,,,,,,,,,
Coaches,21,Jeremiah,Boswell,42,AC,60,70,75,54,58,49,53,59,77,83,48,69,71,65,62,69,78,67,88,,,,,,,
,,,,,,,,,,,,,,,,,,,,,,,,,,,,,,,
Coaches,22,Matt,Brase,42,AC,60,72,65,53,57,64,56,60,59,63,73,72,69,74,69,62,67,39,68,,,,,,,
,,,,,,,,,,,,,,,,,,,,,,,,,,,,,,,
Coaches,23,Chaisson,Allen,35,AC,55,70,60,48,54,41,42,56,74,77,69,78,70,52,60,71,80,8,53,,,,,,,
,,,,,,,,,,,,,,,,,,,,,,,,,,,,,,,
Coaches,24,Nate,Bjorkgren,49,AC,65,50,60,57,52,61,71,64,63,59,62,67,66,53,59,74,80,50,80,,,,,,,
,,,,,,,,,,,,,,,,,,,,,,,,,,,,,,,
Coaches,25,Jay,Triano,66,AC,60,53,65,58,63,47,59,53,62,61,53,58,57,72,69,71,80,47,55,,,,,,,
,,,,,,,,,,,,,,,,,,,,,,,,,,,,,,,
Coaches,26,Mitch,Johnson,38,AC,60,73,70,65,59,67,59,59,80,59,73,68,59,59,69,63,73,83,80,,,,,,,
,,,,,,,,,,,,,,,,,,,,,,,,,,,,,,,
Coaches,27,Mery,Andrade,49,AC,65,65,60,59,56,64,58,69,53,56,58,64,58,49,52,69,68,41,60,,,,,,,
,,,,,,,,,,,,,,,,,,,,,,,,,,,,,,,
Coaches,28,Jason,Terry,47,AC,55,64,70,51,44,51,46,89,67,60,53,51,80,74,80,56,72,70,60,,,,,,,
,,,,,,,,,,,,,,,,,,,,,,,,,,,,,,,
Coaches,29,Alexis,Ajinca,36,AC,65,38,65,42,41,46,43,48,53,50,49,50,52,75,72,66,67,37,95,,,,,,,
,,,,,,,,,,,,,,,,,,,,,,,,,,,,,,,
Coaches,-1,Howard,Eisley,43,N/A,70,68,75,70,84,53,57,59,70,74,51,62,54,50,54,65,65,58,80,,,,,,,
,,,,,,,,,,,,,,,,,,,,,,,,,,,,,,,
Coaches,-1,Phil,Jackson,68,NA,80,81,95,93,95,83,97,88,61,70,65,82,57,53,54,92,88,27,60,,,,,,,
,,,,,,,,,,,,,,,,,,,,,,,,,,,,,,,
Coaches,-1,Jerry,Sloan,68,NA,80,70,75,82,85,85,86,96,65,62,63,65,62,63,64,84,85,86,60,,,,,,,
,,,,,,,,,,,,,,,,,,,,,,,,,,,,,,,
Coaches,-1,Dan,Collins,66,NA,70,71,75,70,70,75,70,75,65,67,68,69,73,57,57,86,83,10,60,,,,,,,
,,,,,,,,,,,,,,,,,,,,,,,,,,,,,,,
Coaches,-1,Byron,Scott,51,NA,75,82,75,73,69,64,68,73,67,68,61,70,68,64,64,71,75,81,70,,,,,,,
,,,,,,,,,,,,,,,,,,,,,,,,,,,,,,,
Coaches,-1,George,Karl,68,NA,70,56,85,82,81,64,61,69,51,70,63,56,68,50,42,79,85,44,60,,,,,,,
,,,,,,,,,,,,,,,,,,,,,,,,,,,,,,,
Coaches,-1,Graeme,Hill,40,NA,70,72,90,59,62,63,62,65,67,70,69,60,64,50,51,71,78,32,85,,,,,,,
,,,,,,,,,,,,,,,,,,,,,,,,,,,,,,,
Coaches,-1,Shaq,O'Neal,41,NA,80,68,95,58,52,66,69,57,71,52,74,75,53,51,52,86,88,50,80,,,,,,,
,,,,,,,,,,,,,,,,,,,,,,,,,,,,,,,
Coaches,-1,Jeff,Van Gundy,53,NA,70,70,70,65,65,68,73,58,61,61,60,64,62,63,62,67,67,37,65,,,,,,,
,,,,,,,,,,,,,,,,,,,,,,,,,,,,,,,
Coaches,-1,Pat,Riley,66,NA,90,95,90,88,92,96,87,92,64,56,64,58,65,62,45,86,84,64,55,,,,,,,
,,,,,,,,,,,,,,,,,,,,,,,,,,,,,,,
Coaches,-1,Hakeem,Olajuwon,49,NA,75,62,80,68,62,93,67,54,85,59,74,80,62,49,45,79,84,67,77,,,,,,,
,,,,,,,,,,,,,,,,,,,,,,,,,,,,,,,
Coaches,-1,Les,Rogers,66,NA,28,55,71,64,81,16,60,71,61,42,28,50,84,69,13,90,64,12,52,,,,,,,
,,,,,,,,,,,,,,,,,,,,,,,,,,,,,,,
Coaches,-1,Sal,Chavarria,61,NA,41,63,86,84,23,29,62,61,62,43,70,10,66,59,26,15,60,17,40,,,,,,,
,,,,,,,,,,,,,,,,,,,,,,,,,,,,,,,
Coaches,-1,Michale,Kennison,54,NA,43,47,43,50,61,18,77,44,14,19,73,75,90,64,78,36,70,56,68,,,,,,,
,,,,,,,,,,,,,,,,,,,,,,,,,,,,,,,
Coaches,-1,Sammie,Peters,65,NA,29,64,43,62,28,48,44,68,77,34,78,40,29,51,18,66,83,37,76,,,,,,,
,,,,,,,,,,,,,,,,,,,,,,,,,,,,,,,
Coaches,-1,Lucien,Casabloy,61,NA,41,50,40,59,75,32,18,43,43,50,53,12,67,30,17,90,40,76,12,,,,,,,
,,,,,,,,,,,,,,,,,,,,,,,,,,,,,,,
Coaches,-1,Darren,Brannum,54,NA,21,47,60,55,20,73,64,20,46,67,42,85,10,38,22,60,39,79,61,,,,,,,
,,,,,,,,,,,,,,,,,,,,,,,,,,,,,,,
Coaches,-1,Keenan,Coulter,62,NA,60,41,34,63,61,21,34,47,12,77,21,56,56,56,33,78,34,36,43,,,,,,,
,,,,,,,,,,,,,,,,,,,,,,,,,,,,,,,
Coaches,-1,Jared,Coots,58,NA,61,55,64,78,16,72,35,61,26,90,84,34,54,25,24,89,10,19,76,,,,,,,
,,,,,,,,,,,,,,,,,,,,,,,,,,,,,,,
Coaches,-1,Sean,Braddy,47,NA,61,50,42,53,32,83,62,88,36,68,67,89,32,30,30,17,38,92,67,,,,,,,
,,,,,,,,,,,,,,,,,,,,,,,,,,,,,,,
Coaches,-1,Lucien,Rosenfeld,32,NA,70,38,72,44,55,45,51,52,51,30,34,32,51,70,32,53,25,2,17,,,,,,,
,,,,,,,,,,,,,,,,,,,,,,,,,,,,,,,
Coaches,-1,Felix,Rocants,29,NA,49,65,40,47,34,89,31,80,40,71,34,72,55,67,86,42,48,14,89,,,,,,,
,,,,,,,,,,,,,,,,,,,,,,,,,,,,,,,
Coaches,-1,Tai,Navarette,32,NA,34,42,80,76,39,17,24,65,18,16,35,34,27,34,53,70,32,75,88,,,,,,,
,,,,,,,,,,,,,,,,,,,,,,,,,,,,,,,
Coaches,-1,Neil,Fleischmann,60,NA,88,46,18,22,81,44,10,65,11,32,25,76,34,50,90,29,27,18,45,,,,,,,
,,,,,,,,,,,,,,,,,,,,,,,,,,,,,,,
Coaches,-1,Deandre,Maclin,42,NA,89,37,45,48,18,60,17,25,57,12,50,63,39,30,42,37,66,45,84,,,,,,,
,,,,,,,,,,,,,,,,,,,,,,,,,,,,,,,
Coaches,-1,Jonathan,Edmiston,44,NA,23,55,24,80,86,83,13,32,67,30,18,42,58,58,81,12,85,51,39,,,,,,,
,,,,,,,,,,,,,,,,,,,,,,,,,,,,,,,
Coaches,-1,Mose,Jock,38,NA,23,56,25,69,89,66,38,58,13,72,24,50,50,19,19,13,42,57,83,,,,,,,
,,,,,,,,,,,,,,,,,,,,,,,,,,,,,,,
Coaches,-1,Irwin,Alvares,29,NA,74,54,61,39,22,26,64,86,74,83,46,70,72,17,53,41,74,14,87,,,,,,,
,,,,,,,,,,,,,,,,,,,,,,,,,,,,,,,
Coaches,-1,Andrew,Markert,60,NA,65,52,15,25,29,74,80,75,45,12,39,24,14,34,33,70,56,20,30,,,,,,,
,,,,,,,,,,,,,,,,,,,,,,,,,,,,,,,
Coaches,-1,Edwin,Clemens,52,NA,44,60,17,72,83,47,75,77,27,21,90,37,83,54,44,43,46,100,86,,,,,,,
,,,,,,,,,,,,,,,,,,,,,,,,,,,,,,,
Coaches,-1,Tobias,Whiang,43,NA,49,64,40,57,70,56,70,75,52,19,24,42,28,89,29,47,43,98,82,,,,,,,
,,,,,,,,,,,,,,,,,,,,,,,,,,,,,,,
Coaches,-1,Jose,Corn,52,NA,63,53,52,50,83,66,57,50,38,18,13,41,41,20,56,60,54,5,82,,,,,,,
,,,,,,,,,,,,,,,,,,,,,,,,,,,,,,,
Coaches,-1,Andrew,Therrien,42,NA,72,40,66,74,25,30,25,81,58,15,15,16,42,79,51,19,74,24,63,,,,,,,
,,,,,,,,,,,,,,,,,,,,,,,,,,,,,,,
Coaches,-1,Otto,Alberto,39,NA,88,74,19,43,81,78,25,78,54,46,75,52,90,41,17,75,38,96,34,,,,,,,
,,,,,,,,,,,,,,,,,,,,,,,,,,,,,,,
Coaches,-1,Edison,Southworth,66,NA,90,58,17,80,15,73,51,29,33,60,44,50,59,55,60,78,51,78,79,,,,,,,
,,,,,,,,,,,,,,,,,,,,,,,,,,,,,,,
Coaches,-1,Robin,Derrico,54,NA,14,44,73,39,55,81,53,22,59,14,79,73,44,71,68,23,58,26,16,,,,,,,
,,,,,,,,,,,,,,,,,,,,,,,,,,,,,,,
Coaches,-1,Mathew,Sistrunk,40,NA,21,57,54,76,55,29,87,20,81,73,61,14,11,74,28,61,86,41,24,,,,,,,
,,,,,,,,,,,,,,,,,,,,,,,,,,,,,,,
Coaches,-1,Chris,Michel,40,NA,16,46,66,24,44,24,48,49,10,38,40,25,81,83,75,51,67,2,84,,,,,,,
,,,,,,,,,,,,,,,,,,,,,,,,,,,,,,,
Coaches,-1,Lynn,Turberville,65,NA,64,54,75,22,25,90,39,15,88,73,76,55,83,52,48,74,47,22,51,,,,,,,
,,,,,,,,,,,,,,,,,,,,,,,,,,,,,,,
Coaches,-1,Jordan,Range,36,NA,47,46,45,56,83,24,61,15,44,87,36,73,82,81,69,13,49,88,59,,,,,,,
,,,,,,,,,,,,,,,,,,,,,,,,,,,,,,,
Coaches,-1,Michale,Giglio,34,NA,81,64,38,77,86,65,63,42,54,88,33,40,76,88,87,69,44,36,58,,,,,,,
,,,,,,,,,,,,,,,,,,,,,,,,,,,,,,,
Coaches,-1,Robbie,Selleck,55,NA,13,50,65,22,90,81,25,48,82,78,21,21,79,79,51,61,76,68,29,,,,,,,
,,,,,,,,,,,,,,,,,,,,,,,,,,,,,,,
Coaches,-1,Chauncy,Nowakowski,54,NA,69,60,72,36,70,58,24,77,62,47,79,49,34,68,61,13,34,49,33,,,,,,,
,,,,,,,,,,,,,,,,,,,,,,,,,,,,,,,
Coaches,-1,Israel,Dressler,65,NA,73,61,36,22,50,42,55,90,50,68,21,55,42,34,77,89,69,100,26,,,,,,,
,,,,,,,,,,,,,,,,,,,,,,,,,,,,,,,
Coaches,-1,Herb,Guice,30,NA,54,48,88,25,36,67,64,32,32,61,68,23,81,18,77,84,12,45,68,,,,,,,
,,,,,,,,,,,,,,,,,,,,,,,,,,,,,,,
Coaches,-1,Esteban,Rencher,41,NA,60,58,26,86,55,63,45,48,80,84,11,51,12,59,35,42,35,56,34,,,,,,,
,,,,,,,,,,,,,,,,,,,,,,,,,,,,,,,
Coaches,-1,Mehmet,Schreier,52,NA,16,45,27,41,21,47,48,46,28,62,32,87,35,48,88,40,25,99,30,,,,,,,
,,,,,,,,,,,,,,,,,,,,,,,,,,,,,,,
Coaches,-1,Billie,Brokaw,50,NA,75,59,10,19,13,87,20,64,38,11,65,63,54,48,49,82,27,67,79,,,,,,,
,,,,,,,,,,,,,,,,,,,,,,,,,,,,,,,
Coaches,-1,Donny,Denis,63,NA,81,41,18,46,13,10,59,15,27,88,68,52,39,34,90,23,52,58,29,,,,,,,
,,,,,,,,,,,,,,,,,,,,,,,,,,,,,,,
Coaches,-1,Gene,Jewell,61,NA,24,49,70,45,37,60,32,19,38,78,44,16,35,40,21,71,75,5,52,,,,,,,
,,,,,,,,,,,,,,,,,,,,,,,,,,,,,,,
Coaches,-1,Everett,Grosso,47,NA,15,57,89,90,17,81,42,54,15,80,16,59,26,40,35,45,19,31,67,,,,,,,
,,,,,,,,,,,,,,,,,,,,,,,,,,,,,,,
Coaches,-1,Caleb,Eastwood,36,NA,29,47,78,46,43,16,13,82,63,26,28,65,65,40,21,33,49,91,34,,,,,,,
,,,,,,,,,,,,,,,,,,,,,,,,,,,,,,,
Coaches,-1,Paul,Mutumbo,37,NA,55,59,75,51,49,73,72,53,63,59,71,73,63,72,68,58,74,97,72,,,,,,,
